source_status,normalized_status,analytical_group,include_in_main_analysis,target_isil,rationale,source_count
,NESSUNO_STATO_SPECIALE_REGISTRATO,NESSUNO_STATO_SPECIALE_REGISTRATO,False,,Valore NULL nel campo ICCU: indica assenza di stato speciale registrato; non viene interpretato come biblioteca aperta.,13200
Altri istituti collegati ad attività dell'ICCU,ALTRO_ISTITUTO_COLLEGATO_ICCU,ALTRO,False,,ICCU chiarisce che l'istituzione non è una biblioteca vera e propria ma una struttura di servizio collegata.,655
Biblioteca confluita,BIBLIOTECA_CONFLUITA,TRASFORMAZIONE_ORGANIZZATIVA,False,,Confluenza/assorbimento organizzativo; non assimilata automaticamente a chiusura o cessazione.,90
Biblioteca confluita in IT-AG0007,BIBLIOTECA_CONFLUITA,TRASFORMAZIONE_ORGANIZZATIVA,False,IT-AG0007,Confluenza/assorbimento organizzativo; non assimilata automaticamente a chiusura o cessazione.,1
Biblioteca confluita in IT-AG0078,BIBLIOTECA_CONFLUITA,TRASFORMAZIONE_ORGANIZZATIVA,False,IT-AG0078,Confluenza/assorbimento organizzativo; non assimilata automaticamente a chiusura o cessazione.,1
Biblioteca confluita in IT-AG0134,BIBLIOTECA_CONFLUITA,TRASFORMAZIONE_ORGANIZZATIVA,False,IT-AG0134,Confluenza/assorbimento organizzativo; non assimilata automaticamente a chiusura o cessazione.,1
Biblioteca confluita in IT-AL0024,BIBLIOTECA_CONFLUITA,TRASFORMAZIONE_ORGANIZZATIVA,False,IT-AL0024,Confluenza/assorbimento organizzativo; non assimilata automaticamente a chiusura o cessazione.,1
Biblioteca confluita in IT-AL0238,BIBLIOTECA_CONFLUITA,TRASFORMAZIONE_ORGANIZZATIVA,False,IT-AL0238,Confluenza/assorbimento organizzativo; non assimilata automaticamente a chiusura o cessazione.,2
Biblioteca confluita in IT-AN0012,BIBLIOTECA_CONFLUITA,TRASFORMAZIONE_ORGANIZZATIVA,False,IT-AN0012,Confluenza/assorbimento organizzativo; non assimilata automaticamente a chiusura o cessazione.,1
Biblioteca confluita in IT-AN0035,BIBLIOTECA_CONFLUITA,TRASFORMAZIONE_ORGANIZZATIVA,False,IT-AN0035,Confluenza/assorbimento organizzativo; non assimilata automaticamente a chiusura o cessazione.,1
Biblioteca confluita in IT-AN0039,BIBLIOTECA_CONFLUITA,TRASFORMAZIONE_ORGANIZZATIVA,False,IT-AN0039,Confluenza/assorbimento organizzativo; non assimilata automaticamente a chiusura o cessazione.,1
Biblioteca confluita in IT-AN0126,BIBLIOTECA_CONFLUITA,TRASFORMAZIONE_ORGANIZZATIVA,False,IT-AN0126,Confluenza/assorbimento organizzativo; non assimilata automaticamente a chiusura o cessazione.,1
Biblioteca confluita in IT-AN0190,BIBLIOTECA_CONFLUITA,TRASFORMAZIONE_ORGANIZZATIVA,False,IT-AN0190,Confluenza/assorbimento organizzativo; non assimilata automaticamente a chiusura o cessazione.,1
Biblioteca confluita in IT-AP0083,BIBLIOTECA_CONFLUITA,TRASFORMAZIONE_ORGANIZZATIVA,False,IT-AP0083,Confluenza/assorbimento organizzativo; non assimilata automaticamente a chiusura o cessazione.,1
Biblioteca confluita in IT-AR0007,BIBLIOTECA_CONFLUITA,TRASFORMAZIONE_ORGANIZZATIVA,False,IT-AR0007,Confluenza/assorbimento organizzativo; non assimilata automaticamente a chiusura o cessazione.,1
Biblioteca confluita in IT-AV0163,BIBLIOTECA_CONFLUITA,TRASFORMAZIONE_ORGANIZZATIVA,False,IT-AV0163,Confluenza/assorbimento organizzativo; non assimilata automaticamente a chiusura o cessazione.,1
Biblioteca confluita in IT-BA0033,BIBLIOTECA_CONFLUITA,TRASFORMAZIONE_ORGANIZZATIVA,False,IT-BA0033,Confluenza/assorbimento organizzativo; non assimilata automaticamente a chiusura o cessazione.,1
Biblioteca confluita in IT-BA0136,BIBLIOTECA_CONFLUITA,TRASFORMAZIONE_ORGANIZZATIVA,False,IT-BA0136,Confluenza/assorbimento organizzativo; non assimilata automaticamente a chiusura o cessazione.,2
Biblioteca confluita in IT-BA0169,BIBLIOTECA_CONFLUITA,TRASFORMAZIONE_ORGANIZZATIVA,False,IT-BA0169,Confluenza/assorbimento organizzativo; non assimilata automaticamente a chiusura o cessazione.,2
Biblioteca confluita in IT-BA0282,BIBLIOTECA_CONFLUITA,TRASFORMAZIONE_ORGANIZZATIVA,False,IT-BA0282,Confluenza/assorbimento organizzativo; non assimilata automaticamente a chiusura o cessazione.,5
Biblioteca confluita in IT-BA0354,BIBLIOTECA_CONFLUITA,TRASFORMAZIONE_ORGANIZZATIVA,False,IT-BA0354,Confluenza/assorbimento organizzativo; non assimilata automaticamente a chiusura o cessazione.,3
Biblioteca confluita in IT-BG0044,BIBLIOTECA_CONFLUITA,TRASFORMAZIONE_ORGANIZZATIVA,False,IT-BG0044,Confluenza/assorbimento organizzativo; non assimilata automaticamente a chiusura o cessazione.,1
Biblioteca confluita in IT-BG0290,BIBLIOTECA_CONFLUITA,TRASFORMAZIONE_ORGANIZZATIVA,False,IT-BG0290,Confluenza/assorbimento organizzativo; non assimilata automaticamente a chiusura o cessazione.,1
Biblioteca confluita in IT-BN0006,BIBLIOTECA_CONFLUITA,TRASFORMAZIONE_ORGANIZZATIVA,False,IT-BN0006,Confluenza/assorbimento organizzativo; non assimilata automaticamente a chiusura o cessazione.,1
Biblioteca confluita in IT-BN0034,BIBLIOTECA_CONFLUITA,TRASFORMAZIONE_ORGANIZZATIVA,False,IT-BN0034,Confluenza/assorbimento organizzativo; non assimilata automaticamente a chiusura o cessazione.,1
Biblioteca confluita in IT-BN0095,BIBLIOTECA_CONFLUITA,TRASFORMAZIONE_ORGANIZZATIVA,False,IT-BN0095,Confluenza/assorbimento organizzativo; non assimilata automaticamente a chiusura o cessazione.,5
Biblioteca confluita in IT-BO0012,BIBLIOTECA_CONFLUITA,TRASFORMAZIONE_ORGANIZZATIVA,False,IT-BO0012,Confluenza/assorbimento organizzativo; non assimilata automaticamente a chiusura o cessazione.,10
Biblioteca confluita in IT-BO0098,BIBLIOTECA_CONFLUITA,TRASFORMAZIONE_ORGANIZZATIVA,False,IT-BO0098,Confluenza/assorbimento organizzativo; non assimilata automaticamente a chiusura o cessazione.,1
Biblioteca confluita in IT-BO0121,BIBLIOTECA_CONFLUITA,TRASFORMAZIONE_ORGANIZZATIVA,False,IT-BO0121,Confluenza/assorbimento organizzativo; non assimilata automaticamente a chiusura o cessazione.,1
Biblioteca confluita in IT-BO0212,BIBLIOTECA_CONFLUITA,TRASFORMAZIONE_ORGANIZZATIVA,False,IT-BO0212,Confluenza/assorbimento organizzativo; non assimilata automaticamente a chiusura o cessazione.,1
Biblioteca confluita in IT-BO0280,BIBLIOTECA_CONFLUITA,TRASFORMAZIONE_ORGANIZZATIVA,False,IT-BO0280,Confluenza/assorbimento organizzativo; non assimilata automaticamente a chiusura o cessazione.,1
Biblioteca confluita in IT-BO0282,BIBLIOTECA_CONFLUITA,TRASFORMAZIONE_ORGANIZZATIVA,False,IT-BO0282,Confluenza/assorbimento organizzativo; non assimilata automaticamente a chiusura o cessazione.,1
Biblioteca confluita in IT-BO0330,BIBLIOTECA_CONFLUITA,TRASFORMAZIONE_ORGANIZZATIVA,False,IT-BO0330,Confluenza/assorbimento organizzativo; non assimilata automaticamente a chiusura o cessazione.,1
Biblioteca confluita in IT-BO0342,BIBLIOTECA_CONFLUITA,TRASFORMAZIONE_ORGANIZZATIVA,False,IT-BO0342,Confluenza/assorbimento organizzativo; non assimilata automaticamente a chiusura o cessazione.,2
Biblioteca confluita in IT-BO0421,BIBLIOTECA_CONFLUITA,TRASFORMAZIONE_ORGANIZZATIVA,False,IT-BO0421,Confluenza/assorbimento organizzativo; non assimilata automaticamente a chiusura o cessazione.,6
Biblioteca confluita in IT-BO0422,BIBLIOTECA_CONFLUITA,TRASFORMAZIONE_ORGANIZZATIVA,False,IT-BO0422,Confluenza/assorbimento organizzativo; non assimilata automaticamente a chiusura o cessazione.,5
Biblioteca confluita in IT-BO0429,BIBLIOTECA_CONFLUITA,TRASFORMAZIONE_ORGANIZZATIVA,False,IT-BO0429,Confluenza/assorbimento organizzativo; non assimilata automaticamente a chiusura o cessazione.,3
Biblioteca confluita in IT-BO0441,BIBLIOTECA_CONFLUITA,TRASFORMAZIONE_ORGANIZZATIVA,False,IT-BO0441,Confluenza/assorbimento organizzativo; non assimilata automaticamente a chiusura o cessazione.,1
Biblioteca confluita in IT-BO0449,BIBLIOTECA_CONFLUITA,TRASFORMAZIONE_ORGANIZZATIVA,False,IT-BO0449,Confluenza/assorbimento organizzativo; non assimilata automaticamente a chiusura o cessazione.,1
Biblioteca confluita in IT-BO0453,BIBLIOTECA_CONFLUITA,TRASFORMAZIONE_ORGANIZZATIVA,False,IT-BO0453,Confluenza/assorbimento organizzativo; non assimilata automaticamente a chiusura o cessazione.,1
Biblioteca confluita in IT-BO0461,BIBLIOTECA_CONFLUITA,TRASFORMAZIONE_ORGANIZZATIVA,False,IT-BO0461,Confluenza/assorbimento organizzativo; non assimilata automaticamente a chiusura o cessazione.,1
Biblioteca confluita in IT-BO0508,BIBLIOTECA_CONFLUITA,TRASFORMAZIONE_ORGANIZZATIVA,False,IT-BO0508,Confluenza/assorbimento organizzativo; non assimilata automaticamente a chiusura o cessazione.,11
Biblioteca confluita in IT-BO0510,BIBLIOTECA_CONFLUITA,TRASFORMAZIONE_ORGANIZZATIVA,False,IT-BO0510,Confluenza/assorbimento organizzativo; non assimilata automaticamente a chiusura o cessazione.,2
Biblioteca confluita in IT-BO0518,BIBLIOTECA_CONFLUITA,TRASFORMAZIONE_ORGANIZZATIVA,False,IT-BO0518,Confluenza/assorbimento organizzativo; non assimilata automaticamente a chiusura o cessazione.,3
Biblioteca confluita in IT-BO0540,BIBLIOTECA_CONFLUITA,TRASFORMAZIONE_ORGANIZZATIVA,False,IT-BO0540,Confluenza/assorbimento organizzativo; non assimilata automaticamente a chiusura o cessazione.,7
Biblioteca confluita in IT-BO0639,BIBLIOTECA_CONFLUITA,TRASFORMAZIONE_ORGANIZZATIVA,False,IT-BO0639,Confluenza/assorbimento organizzativo; non assimilata automaticamente a chiusura o cessazione.,1
Biblioteca confluita in IT-BS0026,BIBLIOTECA_CONFLUITA,TRASFORMAZIONE_ORGANIZZATIVA,False,IT-BS0026,Confluenza/assorbimento organizzativo; non assimilata automaticamente a chiusura o cessazione.,1
Biblioteca confluita in IT-BS0208,BIBLIOTECA_CONFLUITA,TRASFORMAZIONE_ORGANIZZATIVA,False,IT-BS0208,Confluenza/assorbimento organizzativo; non assimilata automaticamente a chiusura o cessazione.,1
Biblioteca confluita in IT-BS0360,BIBLIOTECA_CONFLUITA,TRASFORMAZIONE_ORGANIZZATIVA,False,IT-BS0360,Confluenza/assorbimento organizzativo; non assimilata automaticamente a chiusura o cessazione.,1
Biblioteca confluita in IT-BS0524,BIBLIOTECA_CONFLUITA,TRASFORMAZIONE_ORGANIZZATIVA,False,IT-BS0524,Confluenza/assorbimento organizzativo; non assimilata automaticamente a chiusura o cessazione.,1
Biblioteca confluita in IT-CA0011,BIBLIOTECA_CONFLUITA,TRASFORMAZIONE_ORGANIZZATIVA,False,IT-CA0011,Confluenza/assorbimento organizzativo; non assimilata automaticamente a chiusura o cessazione.,8
Biblioteca confluita in IT-CA0015,BIBLIOTECA_CONFLUITA,TRASFORMAZIONE_ORGANIZZATIVA,False,IT-CA0015,Confluenza/assorbimento organizzativo; non assimilata automaticamente a chiusura o cessazione.,1
Biblioteca confluita in IT-CA0017,BIBLIOTECA_CONFLUITA,TRASFORMAZIONE_ORGANIZZATIVA,False,IT-CA0017,Confluenza/assorbimento organizzativo; non assimilata automaticamente a chiusura o cessazione.,1
Biblioteca confluita in IT-CA0033,BIBLIOTECA_CONFLUITA,TRASFORMAZIONE_ORGANIZZATIVA,False,IT-CA0033,Confluenza/assorbimento organizzativo; non assimilata automaticamente a chiusura o cessazione.,1
Biblioteca confluita in IT-CA0147,BIBLIOTECA_CONFLUITA,TRASFORMAZIONE_ORGANIZZATIVA,False,IT-CA0147,Confluenza/assorbimento organizzativo; non assimilata automaticamente a chiusura o cessazione.,1
Biblioteca confluita in IT-CA0180,BIBLIOTECA_CONFLUITA,TRASFORMAZIONE_ORGANIZZATIVA,False,IT-CA0180,Confluenza/assorbimento organizzativo; non assimilata automaticamente a chiusura o cessazione.,2
Biblioteca confluita in IT-CA0259,BIBLIOTECA_CONFLUITA,TRASFORMAZIONE_ORGANIZZATIVA,False,IT-CA0259,Confluenza/assorbimento organizzativo; non assimilata automaticamente a chiusura o cessazione.,1
Biblioteca confluita in IT-CA0296,BIBLIOTECA_CONFLUITA,TRASFORMAZIONE_ORGANIZZATIVA,False,IT-CA0296,Confluenza/assorbimento organizzativo; non assimilata automaticamente a chiusura o cessazione.,1
Biblioteca confluita in IT-CA0298,BIBLIOTECA_CONFLUITA,TRASFORMAZIONE_ORGANIZZATIVA,False,IT-CA0298,Confluenza/assorbimento organizzativo; non assimilata automaticamente a chiusura o cessazione.,33
Biblioteca confluita in IT-CA0300,BIBLIOTECA_CONFLUITA,TRASFORMAZIONE_ORGANIZZATIVA,False,IT-CA0300,Confluenza/assorbimento organizzativo; non assimilata automaticamente a chiusura o cessazione.,6
Biblioteca confluita in IT-CA0301,BIBLIOTECA_CONFLUITA,TRASFORMAZIONE_ORGANIZZATIVA,False,IT-CA0301,Confluenza/assorbimento organizzativo; non assimilata automaticamente a chiusura o cessazione.,2
Biblioteca confluita in IT-CA0318,BIBLIOTECA_CONFLUITA,TRASFORMAZIONE_ORGANIZZATIVA,False,IT-CA0318,Confluenza/assorbimento organizzativo; non assimilata automaticamente a chiusura o cessazione.,1
Biblioteca confluita in IT-CA0514,BIBLIOTECA_CONFLUITA,TRASFORMAZIONE_ORGANIZZATIVA,False,IT-CA0514,Confluenza/assorbimento organizzativo; non assimilata automaticamente a chiusura o cessazione.,1
Biblioteca confluita in IT-CB0111,BIBLIOTECA_CONFLUITA,TRASFORMAZIONE_ORGANIZZATIVA,False,IT-CB0111,Confluenza/assorbimento organizzativo; non assimilata automaticamente a chiusura o cessazione.,1
Biblioteca confluita in IT-CH0164,BIBLIOTECA_CONFLUITA,TRASFORMAZIONE_ORGANIZZATIVA,False,IT-CH0164,Confluenza/assorbimento organizzativo; non assimilata automaticamente a chiusura o cessazione.,1
Biblioteca confluita in IT-CN0153,BIBLIOTECA_CONFLUITA,TRASFORMAZIONE_ORGANIZZATIVA,False,IT-CN0153,Confluenza/assorbimento organizzativo; non assimilata automaticamente a chiusura o cessazione.,1
Biblioteca confluita in IT-CN0199,BIBLIOTECA_CONFLUITA,TRASFORMAZIONE_ORGANIZZATIVA,False,IT-CN0199,Confluenza/assorbimento organizzativo; non assimilata automaticamente a chiusura o cessazione.,1
Biblioteca confluita in IT-CN0266,BIBLIOTECA_CONFLUITA,TRASFORMAZIONE_ORGANIZZATIVA,False,IT-CN0266,Confluenza/assorbimento organizzativo; non assimilata automaticamente a chiusura o cessazione.,1
Biblioteca confluita in IT-CR0062,BIBLIOTECA_CONFLUITA,TRASFORMAZIONE_ORGANIZZATIVA,False,IT-CR0062,Confluenza/assorbimento organizzativo; non assimilata automaticamente a chiusura o cessazione.,1
Biblioteca confluita in IT-CR0228,BIBLIOTECA_CONFLUITA,TRASFORMAZIONE_ORGANIZZATIVA,False,IT-CR0228,Confluenza/assorbimento organizzativo; non assimilata automaticamente a chiusura o cessazione.,1
Biblioteca confluita in IT-CS0041,BIBLIOTECA_CONFLUITA,TRASFORMAZIONE_ORGANIZZATIVA,False,IT-CS0041,Confluenza/assorbimento organizzativo; non assimilata automaticamente a chiusura o cessazione.,1
Biblioteca confluita in IT-CS0083,BIBLIOTECA_CONFLUITA,TRASFORMAZIONE_ORGANIZZATIVA,False,IT-CS0083,Confluenza/assorbimento organizzativo; non assimilata automaticamente a chiusura o cessazione.,2
Biblioteca confluita in IT-CS0138,BIBLIOTECA_CONFLUITA,TRASFORMAZIONE_ORGANIZZATIVA,False,IT-CS0138,Confluenza/assorbimento organizzativo; non assimilata automaticamente a chiusura o cessazione.,9
Biblioteca confluita in IT-CT0042,BIBLIOTECA_CONFLUITA,TRASFORMAZIONE_ORGANIZZATIVA,False,IT-CT0042,Confluenza/assorbimento organizzativo; non assimilata automaticamente a chiusura o cessazione.,1
Biblioteca confluita in IT-CT0043,BIBLIOTECA_CONFLUITA,TRASFORMAZIONE_ORGANIZZATIVA,False,IT-CT0043,Confluenza/assorbimento organizzativo; non assimilata automaticamente a chiusura o cessazione.,1
Biblioteca confluita in IT-CT0208,BIBLIOTECA_CONFLUITA,TRASFORMAZIONE_ORGANIZZATIVA,False,IT-CT0208,Confluenza/assorbimento organizzativo; non assimilata automaticamente a chiusura o cessazione.,2
Biblioteca confluita in IT-CT0211,BIBLIOTECA_CONFLUITA,TRASFORMAZIONE_ORGANIZZATIVA,False,IT-CT0211,Confluenza/assorbimento organizzativo; non assimilata automaticamente a chiusura o cessazione.,1
Biblioteca confluita in IT-CT0212,BIBLIOTECA_CONFLUITA,TRASFORMAZIONE_ORGANIZZATIVA,False,IT-CT0212,Confluenza/assorbimento organizzativo; non assimilata automaticamente a chiusura o cessazione.,2
Biblioteca confluita in IT-CT0213,BIBLIOTECA_CONFLUITA,TRASFORMAZIONE_ORGANIZZATIVA,False,IT-CT0213,Confluenza/assorbimento organizzativo; non assimilata automaticamente a chiusura o cessazione.,6
Biblioteca confluita in IT-CT0214,BIBLIOTECA_CONFLUITA,TRASFORMAZIONE_ORGANIZZATIVA,False,IT-CT0214,Confluenza/assorbimento organizzativo; non assimilata automaticamente a chiusura o cessazione.,6
Biblioteca confluita in IT-CT0230,BIBLIOTECA_CONFLUITA,TRASFORMAZIONE_ORGANIZZATIVA,False,IT-CT0230,Confluenza/assorbimento organizzativo; non assimilata automaticamente a chiusura o cessazione.,2
Biblioteca confluita in IT-CT0337,BIBLIOTECA_CONFLUITA,TRASFORMAZIONE_ORGANIZZATIVA,False,IT-CT0337,Confluenza/assorbimento organizzativo; non assimilata automaticamente a chiusura o cessazione.,39
Biblioteca confluita in IT-CZ0124,BIBLIOTECA_CONFLUITA,TRASFORMAZIONE_ORGANIZZATIVA,False,IT-CZ0124,Confluenza/assorbimento organizzativo; non assimilata automaticamente a chiusura o cessazione.,1
Biblioteca confluita in IT-FC0011,BIBLIOTECA_CONFLUITA,TRASFORMAZIONE_ORGANIZZATIVA,False,IT-FC0011,Confluenza/assorbimento organizzativo; non assimilata automaticamente a chiusura o cessazione.,1
Biblioteca confluita in IT-FC0131,BIBLIOTECA_CONFLUITA,TRASFORMAZIONE_ORGANIZZATIVA,False,IT-FC0131,Confluenza/assorbimento organizzativo; non assimilata automaticamente a chiusura o cessazione.,3
Biblioteca confluita in IT-FC0136,BIBLIOTECA_CONFLUITA,TRASFORMAZIONE_ORGANIZZATIVA,False,IT-FC0136,Confluenza/assorbimento organizzativo; non assimilata automaticamente a chiusura o cessazione.,1
Biblioteca confluita in IT-FE0107,BIBLIOTECA_CONFLUITA,TRASFORMAZIONE_ORGANIZZATIVA,False,IT-FE0107,Confluenza/assorbimento organizzativo; non assimilata automaticamente a chiusura o cessazione.,20
Biblioteca confluita in IT-FE0162,BIBLIOTECA_CONFLUITA,TRASFORMAZIONE_ORGANIZZATIVA,False,IT-FE0162,Confluenza/assorbimento organizzativo; non assimilata automaticamente a chiusura o cessazione.,25
Biblioteca confluita in IT-FE0163,BIBLIOTECA_CONFLUITA,TRASFORMAZIONE_ORGANIZZATIVA,False,IT-FE0163,Confluenza/assorbimento organizzativo; non assimilata automaticamente a chiusura o cessazione.,3
Biblioteca confluita in IT-FE0164,BIBLIOTECA_CONFLUITA,TRASFORMAZIONE_ORGANIZZATIVA,False,IT-FE0164,Confluenza/assorbimento organizzativo; non assimilata automaticamente a chiusura o cessazione.,1
Biblioteca confluita in IT-FI0098,BIBLIOTECA_CONFLUITA,TRASFORMAZIONE_ORGANIZZATIVA,False,IT-FI0098,Confluenza/assorbimento organizzativo; non assimilata automaticamente a chiusura o cessazione.,1
Biblioteca confluita in IT-FI0196,BIBLIOTECA_CONFLUITA,TRASFORMAZIONE_ORGANIZZATIVA,False,IT-FI0196,Confluenza/assorbimento organizzativo; non assimilata automaticamente a chiusura o cessazione.,1
Biblioteca confluita in IT-FI0211,BIBLIOTECA_CONFLUITA,TRASFORMAZIONE_ORGANIZZATIVA,False,IT-FI0211,Confluenza/assorbimento organizzativo; non assimilata automaticamente a chiusura o cessazione.,6
Biblioteca confluita in IT-FI0212,BIBLIOTECA_CONFLUITA,TRASFORMAZIONE_ORGANIZZATIVA,False,IT-FI0212,Confluenza/assorbimento organizzativo; non assimilata automaticamente a chiusura o cessazione.,1
Biblioteca confluita in IT-FI0215,BIBLIOTECA_CONFLUITA,TRASFORMAZIONE_ORGANIZZATIVA,False,IT-FI0215,Confluenza/assorbimento organizzativo; non assimilata automaticamente a chiusura o cessazione.,32
Biblioteca confluita in IT-FI0224,BIBLIOTECA_CONFLUITA,TRASFORMAZIONE_ORGANIZZATIVA,False,IT-FI0224,Confluenza/assorbimento organizzativo; non assimilata automaticamente a chiusura o cessazione.,1
Biblioteca confluita in IT-FI0225,BIBLIOTECA_CONFLUITA,TRASFORMAZIONE_ORGANIZZATIVA,False,IT-FI0225,Confluenza/assorbimento organizzativo; non assimilata automaticamente a chiusura o cessazione.,1
Biblioteca confluita in IT-FI0227,BIBLIOTECA_CONFLUITA,TRASFORMAZIONE_ORGANIZZATIVA,False,IT-FI0227,Confluenza/assorbimento organizzativo; non assimilata automaticamente a chiusura o cessazione.,3
Biblioteca confluita in IT-FI0228,BIBLIOTECA_CONFLUITA,TRASFORMAZIONE_ORGANIZZATIVA,False,IT-FI0228,Confluenza/assorbimento organizzativo; non assimilata automaticamente a chiusura o cessazione.,2
Biblioteca confluita in IT-FI0230,BIBLIOTECA_CONFLUITA,TRASFORMAZIONE_ORGANIZZATIVA,False,IT-FI0230,Confluenza/assorbimento organizzativo; non assimilata automaticamente a chiusura o cessazione.,6
Biblioteca confluita in IT-FI0231,BIBLIOTECA_CONFLUITA,TRASFORMAZIONE_ORGANIZZATIVA,False,IT-FI0231,Confluenza/assorbimento organizzativo; non assimilata automaticamente a chiusura o cessazione.,5
Biblioteca confluita in IT-FI0233,BIBLIOTECA_CONFLUITA,TRASFORMAZIONE_ORGANIZZATIVA,False,IT-FI0233,Confluenza/assorbimento organizzativo; non assimilata automaticamente a chiusura o cessazione.,11
Biblioteca confluita in IT-FI0363,BIBLIOTECA_CONFLUITA,TRASFORMAZIONE_ORGANIZZATIVA,False,IT-FI0363,Confluenza/assorbimento organizzativo; non assimilata automaticamente a chiusura o cessazione.,1
Biblioteca confluita in IT-FI0501,BIBLIOTECA_CONFLUITA,TRASFORMAZIONE_ORGANIZZATIVA,False,IT-FI0501,Confluenza/assorbimento organizzativo; non assimilata automaticamente a chiusura o cessazione.,1
Biblioteca confluita in IT-FI0553,BIBLIOTECA_CONFLUITA,TRASFORMAZIONE_ORGANIZZATIVA,False,IT-FI0553,Confluenza/assorbimento organizzativo; non assimilata automaticamente a chiusura o cessazione.,2
Biblioteca confluita in IT-FI0597,BIBLIOTECA_CONFLUITA,TRASFORMAZIONE_ORGANIZZATIVA,False,IT-FI0597,Confluenza/assorbimento organizzativo; non assimilata automaticamente a chiusura o cessazione.,11
Biblioteca confluita in IT-FI0598,BIBLIOTECA_CONFLUITA,TRASFORMAZIONE_ORGANIZZATIVA,False,IT-FI0598,Confluenza/assorbimento organizzativo; non assimilata automaticamente a chiusura o cessazione.,6
Biblioteca confluita in IT-FI0611,BIBLIOTECA_CONFLUITA,TRASFORMAZIONE_ORGANIZZATIVA,False,IT-FI0611,Confluenza/assorbimento organizzativo; non assimilata automaticamente a chiusura o cessazione.,1
Biblioteca confluita in IT-FM0049,BIBLIOTECA_CONFLUITA,TRASFORMAZIONE_ORGANIZZATIVA,False,IT-FM0049,Confluenza/assorbimento organizzativo; non assimilata automaticamente a chiusura o cessazione.,5
Biblioteca confluita in IT-FR0017,BIBLIOTECA_CONFLUITA,TRASFORMAZIONE_ORGANIZZATIVA,False,IT-FR0017,Confluenza/assorbimento organizzativo; non assimilata automaticamente a chiusura o cessazione.,1
Biblioteca confluita in IT-FR0098,BIBLIOTECA_CONFLUITA,TRASFORMAZIONE_ORGANIZZATIVA,False,IT-FR0098,Confluenza/assorbimento organizzativo; non assimilata automaticamente a chiusura o cessazione.,1
Biblioteca confluita in IT-GE0039,BIBLIOTECA_CONFLUITA,TRASFORMAZIONE_ORGANIZZATIVA,False,IT-GE0039,Confluenza/assorbimento organizzativo; non assimilata automaticamente a chiusura o cessazione.,3
Biblioteca confluita in IT-GE0040,BIBLIOTECA_CONFLUITA,TRASFORMAZIONE_ORGANIZZATIVA,False,IT-GE0040,Confluenza/assorbimento organizzativo; non assimilata automaticamente a chiusura o cessazione.,10
Biblioteca confluita in IT-GE0044,BIBLIOTECA_CONFLUITA,TRASFORMAZIONE_ORGANIZZATIVA,False,IT-GE0044,Confluenza/assorbimento organizzativo; non assimilata automaticamente a chiusura o cessazione.,3
Biblioteca confluita in IT-GE0045,BIBLIOTECA_CONFLUITA,TRASFORMAZIONE_ORGANIZZATIVA,False,IT-GE0045,Confluenza/assorbimento organizzativo; non assimilata automaticamente a chiusura o cessazione.,2
Biblioteca confluita in IT-GE0057,BIBLIOTECA_CONFLUITA,TRASFORMAZIONE_ORGANIZZATIVA,False,IT-GE0057,Confluenza/assorbimento organizzativo; non assimilata automaticamente a chiusura o cessazione.,1
Biblioteca confluita in IT-GE0066,BIBLIOTECA_CONFLUITA,TRASFORMAZIONE_ORGANIZZATIVA,False,IT-GE0066,Confluenza/assorbimento organizzativo; non assimilata automaticamente a chiusura o cessazione.,6
Biblioteca confluita in IT-GE0105,BIBLIOTECA_CONFLUITA,TRASFORMAZIONE_ORGANIZZATIVA,False,IT-GE0105,Confluenza/assorbimento organizzativo; non assimilata automaticamente a chiusura o cessazione.,2
Biblioteca confluita in IT-GE0185,BIBLIOTECA_CONFLUITA,TRASFORMAZIONE_ORGANIZZATIVA,False,IT-GE0185,Confluenza/assorbimento organizzativo; non assimilata automaticamente a chiusura o cessazione.,1
Biblioteca confluita in IT-GE0232,BIBLIOTECA_CONFLUITA,TRASFORMAZIONE_ORGANIZZATIVA,False,IT-GE0232,Confluenza/assorbimento organizzativo; non assimilata automaticamente a chiusura o cessazione.,4
Biblioteca confluita in IT-GE0237,BIBLIOTECA_CONFLUITA,TRASFORMAZIONE_ORGANIZZATIVA,False,IT-GE0237,Confluenza/assorbimento organizzativo; non assimilata automaticamente a chiusura o cessazione.,3
Biblioteca confluita in IT-GE0242,BIBLIOTECA_CONFLUITA,TRASFORMAZIONE_ORGANIZZATIVA,False,IT-GE0242,Confluenza/assorbimento organizzativo; non assimilata automaticamente a chiusura o cessazione.,2
Biblioteca confluita in IT-GE0254,BIBLIOTECA_CONFLUITA,TRASFORMAZIONE_ORGANIZZATIVA,False,IT-GE0254,Confluenza/assorbimento organizzativo; non assimilata automaticamente a chiusura o cessazione.,2
Biblioteca confluita in IT-GE0257,BIBLIOTECA_CONFLUITA,TRASFORMAZIONE_ORGANIZZATIVA,False,IT-GE0257,Confluenza/assorbimento organizzativo; non assimilata automaticamente a chiusura o cessazione.,13
Biblioteca confluita in IT-GE0262,BIBLIOTECA_CONFLUITA,TRASFORMAZIONE_ORGANIZZATIVA,False,IT-GE0262,Confluenza/assorbimento organizzativo; non assimilata automaticamente a chiusura o cessazione.,3
Biblioteca confluita in IT-GE0263,BIBLIOTECA_CONFLUITA,TRASFORMAZIONE_ORGANIZZATIVA,False,IT-GE0263,Confluenza/assorbimento organizzativo; non assimilata automaticamente a chiusura o cessazione.,1
Biblioteca confluita in IT-GE0278,BIBLIOTECA_CONFLUITA,TRASFORMAZIONE_ORGANIZZATIVA,False,IT-GE0278,Confluenza/assorbimento organizzativo; non assimilata automaticamente a chiusura o cessazione.,4
Biblioteca confluita in IT-GE0361,BIBLIOTECA_CONFLUITA,TRASFORMAZIONE_ORGANIZZATIVA,False,IT-GE0361,Confluenza/assorbimento organizzativo; non assimilata automaticamente a chiusura o cessazione.,1
Biblioteca confluita in IT-GE0390,BIBLIOTECA_CONFLUITA,TRASFORMAZIONE_ORGANIZZATIVA,False,IT-GE0390,Confluenza/assorbimento organizzativo; non assimilata automaticamente a chiusura o cessazione.,6
Biblioteca confluita in IT-GE0408,BIBLIOTECA_CONFLUITA,TRASFORMAZIONE_ORGANIZZATIVA,False,IT-GE0408,Confluenza/assorbimento organizzativo; non assimilata automaticamente a chiusura o cessazione.,2
Biblioteca confluita in IT-GE0417,BIBLIOTECA_CONFLUITA,TRASFORMAZIONE_ORGANIZZATIVA,False,IT-GE0417,Confluenza/assorbimento organizzativo; non assimilata automaticamente a chiusura o cessazione.,2
Biblioteca confluita in IT-GE0434,BIBLIOTECA_CONFLUITA,TRASFORMAZIONE_ORGANIZZATIVA,False,IT-GE0434,Confluenza/assorbimento organizzativo; non assimilata automaticamente a chiusura o cessazione.,1
Biblioteca confluita in IT-GE0648,BIBLIOTECA_CONFLUITA,TRASFORMAZIONE_ORGANIZZATIVA,False,IT-GE0648,Confluenza/assorbimento organizzativo; non assimilata automaticamente a chiusura o cessazione.,4
Biblioteca confluita in IT-GE0666,BIBLIOTECA_CONFLUITA,TRASFORMAZIONE_ORGANIZZATIVA,False,IT-GE0666,Confluenza/assorbimento organizzativo; non assimilata automaticamente a chiusura o cessazione.,1
Biblioteca confluita in IT-GE0672,BIBLIOTECA_CONFLUITA,TRASFORMAZIONE_ORGANIZZATIVA,False,IT-GE0672,Confluenza/assorbimento organizzativo; non assimilata automaticamente a chiusura o cessazione.,1
Biblioteca confluita in IT-GO0106,BIBLIOTECA_CONFLUITA,TRASFORMAZIONE_ORGANIZZATIVA,False,IT-GO0106,Confluenza/assorbimento organizzativo; non assimilata automaticamente a chiusura o cessazione.,1
Biblioteca confluita in IT-IM0070,BIBLIOTECA_CONFLUITA,TRASFORMAZIONE_ORGANIZZATIVA,False,IT-IM0070,Confluenza/assorbimento organizzativo; non assimilata automaticamente a chiusura o cessazione.,1
Biblioteca confluita in IT-LE0105,BIBLIOTECA_CONFLUITA,TRASFORMAZIONE_ORGANIZZATIVA,False,IT-LE0105,Confluenza/assorbimento organizzativo; non assimilata automaticamente a chiusura o cessazione.,1
Biblioteca confluita in IT-LE0242,BIBLIOTECA_CONFLUITA,TRASFORMAZIONE_ORGANIZZATIVA,False,IT-LE0242,Confluenza/assorbimento organizzativo; non assimilata automaticamente a chiusura o cessazione.,4
Biblioteca confluita in IT-LU0006,BIBLIOTECA_CONFLUITA,TRASFORMAZIONE_ORGANIZZATIVA,False,IT-LU0006,Confluenza/assorbimento organizzativo; non assimilata automaticamente a chiusura o cessazione.,1
Biblioteca confluita in IT-LU0039,BIBLIOTECA_CONFLUITA,TRASFORMAZIONE_ORGANIZZATIVA,False,IT-LU0039,Confluenza/assorbimento organizzativo; non assimilata automaticamente a chiusura o cessazione.,1
Biblioteca confluita in IT-LU0088,BIBLIOTECA_CONFLUITA,TRASFORMAZIONE_ORGANIZZATIVA,False,IT-LU0088,Confluenza/assorbimento organizzativo; non assimilata automaticamente a chiusura o cessazione.,1
Biblioteca confluita in IT-MC0170,BIBLIOTECA_CONFLUITA,TRASFORMAZIONE_ORGANIZZATIVA,False,IT-MC0170,Confluenza/assorbimento organizzativo; non assimilata automaticamente a chiusura o cessazione.,3
Biblioteca confluita in IT-MC0183,BIBLIOTECA_CONFLUITA,TRASFORMAZIONE_ORGANIZZATIVA,False,IT-MC0183,Confluenza/assorbimento organizzativo; non assimilata automaticamente a chiusura o cessazione.,6
Biblioteca confluita in IT-MC0199,BIBLIOTECA_CONFLUITA,TRASFORMAZIONE_ORGANIZZATIVA,False,IT-MC0199,Confluenza/assorbimento organizzativo; non assimilata automaticamente a chiusura o cessazione.,3
Biblioteca confluita in IT-MC0255,BIBLIOTECA_CONFLUITA,TRASFORMAZIONE_ORGANIZZATIVA,False,IT-MC0255,Confluenza/assorbimento organizzativo; non assimilata automaticamente a chiusura o cessazione.,1
Biblioteca confluita in IT-MC0263,BIBLIOTECA_CONFLUITA,TRASFORMAZIONE_ORGANIZZATIVA,False,IT-MC0263,Confluenza/assorbimento organizzativo; non assimilata automaticamente a chiusura o cessazione.,1
Biblioteca confluita in IT-MC0276,BIBLIOTECA_CONFLUITA,TRASFORMAZIONE_ORGANIZZATIVA,False,IT-MC0276,Confluenza/assorbimento organizzativo; non assimilata automaticamente a chiusura o cessazione.,9
Biblioteca confluita in IT-ME0049,BIBLIOTECA_CONFLUITA,TRASFORMAZIONE_ORGANIZZATIVA,False,IT-ME0049,Confluenza/assorbimento organizzativo; non assimilata automaticamente a chiusura o cessazione.,6
Biblioteca confluita in IT-ME0055,BIBLIOTECA_CONFLUITA,TRASFORMAZIONE_ORGANIZZATIVA,False,IT-ME0055,Confluenza/assorbimento organizzativo; non assimilata automaticamente a chiusura o cessazione.,28
Biblioteca confluita in IT-ME0057,BIBLIOTECA_CONFLUITA,TRASFORMAZIONE_ORGANIZZATIVA,False,IT-ME0057,Confluenza/assorbimento organizzativo; non assimilata automaticamente a chiusura o cessazione.,10
Biblioteca confluita in IT-ME0069,BIBLIOTECA_CONFLUITA,TRASFORMAZIONE_ORGANIZZATIVA,False,IT-ME0069,Confluenza/assorbimento organizzativo; non assimilata automaticamente a chiusura o cessazione.,13
Biblioteca confluita in IT-ME0238,BIBLIOTECA_CONFLUITA,TRASFORMAZIONE_ORGANIZZATIVA,False,IT-ME0238,Confluenza/assorbimento organizzativo; non assimilata automaticamente a chiusura o cessazione.,1
Biblioteca confluita in IT-ME0333,BIBLIOTECA_CONFLUITA,TRASFORMAZIONE_ORGANIZZATIVA,False,IT-ME0333,Confluenza/assorbimento organizzativo; non assimilata automaticamente a chiusura o cessazione.,9
Biblioteca confluita in IT-ME0352,BIBLIOTECA_CONFLUITA,TRASFORMAZIONE_ORGANIZZATIVA,False,IT-ME0352,Confluenza/assorbimento organizzativo; non assimilata automaticamente a chiusura o cessazione.,5
Biblioteca confluita in IT-ME0399,BIBLIOTECA_CONFLUITA,TRASFORMAZIONE_ORGANIZZATIVA,False,IT-ME0399,Confluenza/assorbimento organizzativo; non assimilata automaticamente a chiusura o cessazione.,2
Biblioteca confluita in IT-ME0466,BIBLIOTECA_CONFLUITA,TRASFORMAZIONE_ORGANIZZATIVA,False,IT-ME0466,Confluenza/assorbimento organizzativo; non assimilata automaticamente a chiusura o cessazione.,1
Biblioteca confluita in IT-MI0164,BIBLIOTECA_CONFLUITA,TRASFORMAZIONE_ORGANIZZATIVA,False,IT-MI0164,Confluenza/assorbimento organizzativo; non assimilata automaticamente a chiusura o cessazione.,15
Biblioteca confluita in IT-MI0185,BIBLIOTECA_CONFLUITA,TRASFORMAZIONE_ORGANIZZATIVA,False,IT-MI0185,Confluenza/assorbimento organizzativo; non assimilata automaticamente a chiusura o cessazione.,1
Biblioteca confluita in IT-MI0190,BIBLIOTECA_CONFLUITA,TRASFORMAZIONE_ORGANIZZATIVA,False,IT-MI0190,Confluenza/assorbimento organizzativo; non assimilata automaticamente a chiusura o cessazione.,1
Biblioteca confluita in IT-MI0194,BIBLIOTECA_CONFLUITA,TRASFORMAZIONE_ORGANIZZATIVA,False,IT-MI0194,Confluenza/assorbimento organizzativo; non assimilata automaticamente a chiusura o cessazione.,1
Biblioteca confluita in IT-MI0272,BIBLIOTECA_CONFLUITA,TRASFORMAZIONE_ORGANIZZATIVA,False,IT-MI0272,Confluenza/assorbimento organizzativo; non assimilata automaticamente a chiusura o cessazione.,2
Biblioteca confluita in IT-MI0275,BIBLIOTECA_CONFLUITA,TRASFORMAZIONE_ORGANIZZATIVA,False,IT-MI0275,Confluenza/assorbimento organizzativo; non assimilata automaticamente a chiusura o cessazione.,10
Biblioteca confluita in IT-MI0340,BIBLIOTECA_CONFLUITA,TRASFORMAZIONE_ORGANIZZATIVA,False,IT-MI0340,Confluenza/assorbimento organizzativo; non assimilata automaticamente a chiusura o cessazione.,1
Biblioteca confluita in IT-MI0488,BIBLIOTECA_CONFLUITA,TRASFORMAZIONE_ORGANIZZATIVA,False,IT-MI0488,Confluenza/assorbimento organizzativo; non assimilata automaticamente a chiusura o cessazione.,1
Biblioteca confluita in IT-MI0597,BIBLIOTECA_CONFLUITA,TRASFORMAZIONE_ORGANIZZATIVA,False,IT-MI0597,Confluenza/assorbimento organizzativo; non assimilata automaticamente a chiusura o cessazione.,2
Biblioteca confluita in IT-MI0614,BIBLIOTECA_CONFLUITA,TRASFORMAZIONE_ORGANIZZATIVA,False,IT-MI0614,Confluenza/assorbimento organizzativo; non assimilata automaticamente a chiusura o cessazione.,1
Biblioteca confluita in IT-MI0657,BIBLIOTECA_CONFLUITA,TRASFORMAZIONE_ORGANIZZATIVA,False,IT-MI0657,Confluenza/assorbimento organizzativo; non assimilata automaticamente a chiusura o cessazione.,4
Biblioteca confluita in IT-MI0666,BIBLIOTECA_CONFLUITA,TRASFORMAZIONE_ORGANIZZATIVA,False,IT-MI0666,Confluenza/assorbimento organizzativo; non assimilata automaticamente a chiusura o cessazione.,1
Biblioteca confluita in IT-MI0669,BIBLIOTECA_CONFLUITA,TRASFORMAZIONE_ORGANIZZATIVA,False,IT-MI0669,Confluenza/assorbimento organizzativo; non assimilata automaticamente a chiusura o cessazione.,1
Biblioteca confluita in IT-MI0888,BIBLIOTECA_CONFLUITA,TRASFORMAZIONE_ORGANIZZATIVA,False,IT-MI0888,Confluenza/assorbimento organizzativo; non assimilata automaticamente a chiusura o cessazione.,1
Biblioteca confluita in IT-MI1129,BIBLIOTECA_CONFLUITA,TRASFORMAZIONE_ORGANIZZATIVA,False,IT-MI1129,Confluenza/assorbimento organizzativo; non assimilata automaticamente a chiusura o cessazione.,2
Biblioteca confluita in IT-MI1134,BIBLIOTECA_CONFLUITA,TRASFORMAZIONE_ORGANIZZATIVA,False,IT-MI1134,Confluenza/assorbimento organizzativo; non assimilata automaticamente a chiusura o cessazione.,3
Biblioteca confluita in IT-MI1145,BIBLIOTECA_CONFLUITA,TRASFORMAZIONE_ORGANIZZATIVA,False,IT-MI1145,Confluenza/assorbimento organizzativo; non assimilata automaticamente a chiusura o cessazione.,3
Biblioteca confluita in IT-MI1154,BIBLIOTECA_CONFLUITA,TRASFORMAZIONE_ORGANIZZATIVA,False,IT-MI1154,Confluenza/assorbimento organizzativo; non assimilata automaticamente a chiusura o cessazione.,2
Biblioteca confluita in IT-MI1256,BIBLIOTECA_CONFLUITA,TRASFORMAZIONE_ORGANIZZATIVA,False,IT-MI1256,Confluenza/assorbimento organizzativo; non assimilata automaticamente a chiusura o cessazione.,1
Biblioteca confluita in IT-MI1264,BIBLIOTECA_CONFLUITA,TRASFORMAZIONE_ORGANIZZATIVA,False,IT-MI1264,Confluenza/assorbimento organizzativo; non assimilata automaticamente a chiusura o cessazione.,2
Biblioteca confluita in IT-MI1273,BIBLIOTECA_CONFLUITA,TRASFORMAZIONE_ORGANIZZATIVA,False,IT-MI1273,Confluenza/assorbimento organizzativo; non assimilata automaticamente a chiusura o cessazione.,1
Biblioteca confluita in IT-MI1281,BIBLIOTECA_CONFLUITA,TRASFORMAZIONE_ORGANIZZATIVA,False,IT-MI1281,Confluenza/assorbimento organizzativo; non assimilata automaticamente a chiusura o cessazione.,6
Biblioteca confluita in IT-MI1298,BIBLIOTECA_CONFLUITA,TRASFORMAZIONE_ORGANIZZATIVA,False,IT-MI1298,Confluenza/assorbimento organizzativo; non assimilata automaticamente a chiusura o cessazione.,5
Biblioteca confluita in IT-MI1304,BIBLIOTECA_CONFLUITA,TRASFORMAZIONE_ORGANIZZATIVA,False,IT-MI1304,Confluenza/assorbimento organizzativo; non assimilata automaticamente a chiusura o cessazione.,1
Biblioteca confluita in IT-MI1339,BIBLIOTECA_CONFLUITA,TRASFORMAZIONE_ORGANIZZATIVA,False,IT-MI1339,Confluenza/assorbimento organizzativo; non assimilata automaticamente a chiusura o cessazione.,3
Biblioteca confluita in IT-MI1340,BIBLIOTECA_CONFLUITA,TRASFORMAZIONE_ORGANIZZATIVA,False,IT-MI1340,Confluenza/assorbimento organizzativo; non assimilata automaticamente a chiusura o cessazione.,1
Biblioteca confluita in IT-MI1975,BIBLIOTECA_CONFLUITA,TRASFORMAZIONE_ORGANIZZATIVA,False,IT-MI1975,Confluenza/assorbimento organizzativo; non assimilata automaticamente a chiusura o cessazione.,6
Biblioteca confluita in IT-MI2034,BIBLIOTECA_CONFLUITA,TRASFORMAZIONE_ORGANIZZATIVA,False,IT-MI2034,Confluenza/assorbimento organizzativo; non assimilata automaticamente a chiusura o cessazione.,1
Biblioteca confluita in IT-MN0035,BIBLIOTECA_CONFLUITA,TRASFORMAZIONE_ORGANIZZATIVA,False,IT-MN0035,Confluenza/assorbimento organizzativo; non assimilata automaticamente a chiusura o cessazione.,1
Biblioteca confluita in IT-MN0120,BIBLIOTECA_CONFLUITA,TRASFORMAZIONE_ORGANIZZATIVA,False,IT-MN0120,Confluenza/assorbimento organizzativo; non assimilata automaticamente a chiusura o cessazione.,1
Biblioteca confluita in IT-MO0056,BIBLIOTECA_CONFLUITA,TRASFORMAZIONE_ORGANIZZATIVA,False,IT-MO0056,Confluenza/assorbimento organizzativo; non assimilata automaticamente a chiusura o cessazione.,1
Biblioteca confluita in IT-MO0168,BIBLIOTECA_CONFLUITA,TRASFORMAZIONE_ORGANIZZATIVA,False,IT-MO0168,Confluenza/assorbimento organizzativo; non assimilata automaticamente a chiusura o cessazione.,1
Biblioteca confluita in IT-MO0208,BIBLIOTECA_CONFLUITA,TRASFORMAZIONE_ORGANIZZATIVA,False,IT-MO0208,Confluenza/assorbimento organizzativo; non assimilata automaticamente a chiusura o cessazione.,11
Biblioteca confluita in IT-MO0224,BIBLIOTECA_CONFLUITA,TRASFORMAZIONE_ORGANIZZATIVA,False,IT-MO0224,Confluenza/assorbimento organizzativo; non assimilata automaticamente a chiusura o cessazione.,1
Biblioteca confluita in IT-MO0348,BIBLIOTECA_CONFLUITA,TRASFORMAZIONE_ORGANIZZATIVA,False,IT-MO0348,Confluenza/assorbimento organizzativo; non assimilata automaticamente a chiusura o cessazione.,1
Biblioteca confluita in IT-MS0019,BIBLIOTECA_CONFLUITA,TRASFORMAZIONE_ORGANIZZATIVA,False,IT-MS0019,Confluenza/assorbimento organizzativo; non assimilata automaticamente a chiusura o cessazione.,1
Biblioteca confluita in IT-MS0027,BIBLIOTECA_CONFLUITA,TRASFORMAZIONE_ORGANIZZATIVA,False,IT-MS0027,Confluenza/assorbimento organizzativo; non assimilata automaticamente a chiusura o cessazione.,1
Biblioteca confluita in IT-NA0112,BIBLIOTECA_CONFLUITA,TRASFORMAZIONE_ORGANIZZATIVA,False,IT-NA0112,Confluenza/assorbimento organizzativo; non assimilata automaticamente a chiusura o cessazione.,15
Biblioteca confluita in IT-NA0260,BIBLIOTECA_CONFLUITA,TRASFORMAZIONE_ORGANIZZATIVA,False,IT-NA0260,Confluenza/assorbimento organizzativo; non assimilata automaticamente a chiusura o cessazione.,2
Biblioteca confluita in IT-NA0284,BIBLIOTECA_CONFLUITA,TRASFORMAZIONE_ORGANIZZATIVA,False,IT-NA0284,Confluenza/assorbimento organizzativo; non assimilata automaticamente a chiusura o cessazione.,1
Biblioteca confluita in IT-NA0365,BIBLIOTECA_CONFLUITA,TRASFORMAZIONE_ORGANIZZATIVA,False,IT-NA0365,Confluenza/assorbimento organizzativo; non assimilata automaticamente a chiusura o cessazione.,3
Biblioteca confluita in IT-NA0423,BIBLIOTECA_CONFLUITA,TRASFORMAZIONE_ORGANIZZATIVA,False,IT-NA0423,Confluenza/assorbimento organizzativo; non assimilata automaticamente a chiusura o cessazione.,1
Biblioteca confluita in IT-NA0430,BIBLIOTECA_CONFLUITA,TRASFORMAZIONE_ORGANIZZATIVA,False,IT-NA0430,Confluenza/assorbimento organizzativo; non assimilata automaticamente a chiusura o cessazione.,1
Biblioteca confluita in IT-NA0588,BIBLIOTECA_CONFLUITA,TRASFORMAZIONE_ORGANIZZATIVA,False,IT-NA0588,Confluenza/assorbimento organizzativo; non assimilata automaticamente a chiusura o cessazione.,30
Biblioteca confluita in IT-NA0704,BIBLIOTECA_CONFLUITA,TRASFORMAZIONE_ORGANIZZATIVA,False,IT-NA0704,Confluenza/assorbimento organizzativo; non assimilata automaticamente a chiusura o cessazione.,2
Biblioteca confluita in IT-NA0705,BIBLIOTECA_CONFLUITA,TRASFORMAZIONE_ORGANIZZATIVA,False,IT-NA0705,Confluenza/assorbimento organizzativo; non assimilata automaticamente a chiusura o cessazione.,3
Biblioteca confluita in IT-NA0706,BIBLIOTECA_CONFLUITA,TRASFORMAZIONE_ORGANIZZATIVA,False,IT-NA0706,Confluenza/assorbimento organizzativo; non assimilata automaticamente a chiusura o cessazione.,3
Biblioteca confluita in IT-NO0137,BIBLIOTECA_CONFLUITA,TRASFORMAZIONE_ORGANIZZATIVA,False,IT-NO0137,Confluenza/assorbimento organizzativo; non assimilata automaticamente a chiusura o cessazione.,2
Biblioteca confluita in IT-NU0103,BIBLIOTECA_CONFLUITA,TRASFORMAZIONE_ORGANIZZATIVA,False,IT-NU0103,Confluenza/assorbimento organizzativo; non assimilata automaticamente a chiusura o cessazione.,1
Biblioteca confluita in IT-PA0065,BIBLIOTECA_CONFLUITA,TRASFORMAZIONE_ORGANIZZATIVA,False,IT-PA0065,Confluenza/assorbimento organizzativo; non assimilata automaticamente a chiusura o cessazione.,6
Biblioteca confluita in IT-PA0066,BIBLIOTECA_CONFLUITA,TRASFORMAZIONE_ORGANIZZATIVA,False,IT-PA0066,Confluenza/assorbimento organizzativo; non assimilata automaticamente a chiusura o cessazione.,1
Biblioteca confluita in IT-PA0076,BIBLIOTECA_CONFLUITA,TRASFORMAZIONE_ORGANIZZATIVA,False,IT-PA0076,Confluenza/assorbimento organizzativo; non assimilata automaticamente a chiusura o cessazione.,1
Biblioteca confluita in IT-PA0097,BIBLIOTECA_CONFLUITA,TRASFORMAZIONE_ORGANIZZATIVA,False,IT-PA0097,Confluenza/assorbimento organizzativo; non assimilata automaticamente a chiusura o cessazione.,1
Biblioteca confluita in IT-PA0100,BIBLIOTECA_CONFLUITA,TRASFORMAZIONE_ORGANIZZATIVA,False,IT-PA0100,Confluenza/assorbimento organizzativo; non assimilata automaticamente a chiusura o cessazione.,1
Biblioteca confluita in IT-PA0103,BIBLIOTECA_CONFLUITA,TRASFORMAZIONE_ORGANIZZATIVA,False,IT-PA0103,Confluenza/assorbimento organizzativo; non assimilata automaticamente a chiusura o cessazione.,1
Biblioteca confluita in IT-PA0129,BIBLIOTECA_CONFLUITA,TRASFORMAZIONE_ORGANIZZATIVA,False,IT-PA0129,Confluenza/assorbimento organizzativo; non assimilata automaticamente a chiusura o cessazione.,3
Biblioteca confluita in IT-PA0140,BIBLIOTECA_CONFLUITA,TRASFORMAZIONE_ORGANIZZATIVA,False,IT-PA0140,Confluenza/assorbimento organizzativo; non assimilata automaticamente a chiusura o cessazione.,4
Biblioteca confluita in IT-PA0155,BIBLIOTECA_CONFLUITA,TRASFORMAZIONE_ORGANIZZATIVA,False,IT-PA0155,Confluenza/assorbimento organizzativo; non assimilata automaticamente a chiusura o cessazione.,7
Biblioteca confluita in IT-PA0318,BIBLIOTECA_CONFLUITA,TRASFORMAZIONE_ORGANIZZATIVA,False,IT-PA0318,Confluenza/assorbimento organizzativo; non assimilata automaticamente a chiusura o cessazione.,4
Biblioteca confluita in IT-PA0319,BIBLIOTECA_CONFLUITA,TRASFORMAZIONE_ORGANIZZATIVA,False,IT-PA0319,Confluenza/assorbimento organizzativo; non assimilata automaticamente a chiusura o cessazione.,1
Biblioteca confluita in IT-PA0320,BIBLIOTECA_CONFLUITA,TRASFORMAZIONE_ORGANIZZATIVA,False,IT-PA0320,Confluenza/assorbimento organizzativo; non assimilata automaticamente a chiusura o cessazione.,3
Biblioteca confluita in IT-PA0321,BIBLIOTECA_CONFLUITA,TRASFORMAZIONE_ORGANIZZATIVA,False,IT-PA0321,Confluenza/assorbimento organizzativo; non assimilata automaticamente a chiusura o cessazione.,1
Biblioteca confluita in IT-PA0324,BIBLIOTECA_CONFLUITA,TRASFORMAZIONE_ORGANIZZATIVA,False,IT-PA0324,Confluenza/assorbimento organizzativo; non assimilata automaticamente a chiusura o cessazione.,2
Biblioteca confluita in IT-PA0335,BIBLIOTECA_CONFLUITA,TRASFORMAZIONE_ORGANIZZATIVA,False,IT-PA0335,Confluenza/assorbimento organizzativo; non assimilata automaticamente a chiusura o cessazione.,1
Biblioteca confluita in IT-PA0343,BIBLIOTECA_CONFLUITA,TRASFORMAZIONE_ORGANIZZATIVA,False,IT-PA0343,Confluenza/assorbimento organizzativo; non assimilata automaticamente a chiusura o cessazione.,13
Biblioteca confluita in IT-PA0352,BIBLIOTECA_CONFLUITA,TRASFORMAZIONE_ORGANIZZATIVA,False,IT-PA0352,Confluenza/assorbimento organizzativo; non assimilata automaticamente a chiusura o cessazione.,1
Biblioteca confluita in IT-PA0394,BIBLIOTECA_CONFLUITA,TRASFORMAZIONE_ORGANIZZATIVA,False,IT-PA0394,Confluenza/assorbimento organizzativo; non assimilata automaticamente a chiusura o cessazione.,2
Biblioteca confluita in IT-PA0417,BIBLIOTECA_CONFLUITA,TRASFORMAZIONE_ORGANIZZATIVA,False,IT-PA0417,Confluenza/assorbimento organizzativo; non assimilata automaticamente a chiusura o cessazione.,1
Biblioteca confluita in IT-PA0519,BIBLIOTECA_CONFLUITA,TRASFORMAZIONE_ORGANIZZATIVA,False,IT-PA0519,Confluenza/assorbimento organizzativo; non assimilata automaticamente a chiusura o cessazione.,2
Biblioteca confluita in IT-PA0559,BIBLIOTECA_CONFLUITA,TRASFORMAZIONE_ORGANIZZATIVA,False,IT-PA0559,Confluenza/assorbimento organizzativo; non assimilata automaticamente a chiusura o cessazione.,1
Biblioteca confluita in IT-PC0028,BIBLIOTECA_CONFLUITA,TRASFORMAZIONE_ORGANIZZATIVA,False,IT-PC0028,Confluenza/assorbimento organizzativo; non assimilata automaticamente a chiusura o cessazione.,1
Biblioteca confluita in IT-PC0079,BIBLIOTECA_CONFLUITA,TRASFORMAZIONE_ORGANIZZATIVA,False,IT-PC0079,Confluenza/assorbimento organizzativo; non assimilata automaticamente a chiusura o cessazione.,1
Biblioteca confluita in IT-PD0021,BIBLIOTECA_CONFLUITA,TRASFORMAZIONE_ORGANIZZATIVA,False,IT-PD0021,Confluenza/assorbimento organizzativo; non assimilata automaticamente a chiusura o cessazione.,1
Biblioteca confluita in IT-PD0172,BIBLIOTECA_CONFLUITA,TRASFORMAZIONE_ORGANIZZATIVA,False,IT-PD0172,Confluenza/assorbimento organizzativo; non assimilata automaticamente a chiusura o cessazione.,3
Biblioteca confluita in IT-PD0258,BIBLIOTECA_CONFLUITA,TRASFORMAZIONE_ORGANIZZATIVA,False,IT-PD0258,Confluenza/assorbimento organizzativo; non assimilata automaticamente a chiusura o cessazione.,1
Biblioteca confluita in IT-PD0260,BIBLIOTECA_CONFLUITA,TRASFORMAZIONE_ORGANIZZATIVA,False,IT-PD0260,Confluenza/assorbimento organizzativo; non assimilata automaticamente a chiusura o cessazione.,1
Biblioteca confluita in IT-PD0313,BIBLIOTECA_CONFLUITA,TRASFORMAZIONE_ORGANIZZATIVA,False,IT-PD0313,Confluenza/assorbimento organizzativo; non assimilata automaticamente a chiusura o cessazione.,1
Biblioteca confluita in IT-PD0338,BIBLIOTECA_CONFLUITA,TRASFORMAZIONE_ORGANIZZATIVA,False,IT-PD0338,Confluenza/assorbimento organizzativo; non assimilata automaticamente a chiusura o cessazione.,2
Biblioteca confluita in IT-PD0341,BIBLIOTECA_CONFLUITA,TRASFORMAZIONE_ORGANIZZATIVA,False,IT-PD0341,Confluenza/assorbimento organizzativo; non assimilata automaticamente a chiusura o cessazione.,2
Biblioteca confluita in IT-PD0343,BIBLIOTECA_CONFLUITA,TRASFORMAZIONE_ORGANIZZATIVA,False,IT-PD0343,Confluenza/assorbimento organizzativo; non assimilata automaticamente a chiusura o cessazione.,2
Biblioteca confluita in IT-PD0370,BIBLIOTECA_CONFLUITA,TRASFORMAZIONE_ORGANIZZATIVA,False,IT-PD0370,Confluenza/assorbimento organizzativo; non assimilata automaticamente a chiusura o cessazione.,1
Biblioteca confluita in IT-PE0018,BIBLIOTECA_CONFLUITA,TRASFORMAZIONE_ORGANIZZATIVA,False,IT-PE0018,Confluenza/assorbimento organizzativo; non assimilata automaticamente a chiusura o cessazione.,1
Biblioteca confluita in IT-PE0047,BIBLIOTECA_CONFLUITA,TRASFORMAZIONE_ORGANIZZATIVA,False,IT-PE0047,Confluenza/assorbimento organizzativo; non assimilata automaticamente a chiusura o cessazione.,1
Biblioteca confluita in IT-PG0033,BIBLIOTECA_CONFLUITA,TRASFORMAZIONE_ORGANIZZATIVA,False,IT-PG0033,Confluenza/assorbimento organizzativo; non assimilata automaticamente a chiusura o cessazione.,1
Biblioteca confluita in IT-PG0277,BIBLIOTECA_CONFLUITA,TRASFORMAZIONE_ORGANIZZATIVA,False,IT-PG0277,Confluenza/assorbimento organizzativo; non assimilata automaticamente a chiusura o cessazione.,11
Biblioteca confluita in IT-PG0430,BIBLIOTECA_CONFLUITA,TRASFORMAZIONE_ORGANIZZATIVA,False,IT-PG0430,Confluenza/assorbimento organizzativo; non assimilata automaticamente a chiusura o cessazione.,5
Biblioteca confluita in IT-PG0431,BIBLIOTECA_CONFLUITA,TRASFORMAZIONE_ORGANIZZATIVA,False,IT-PG0431,Confluenza/assorbimento organizzativo; non assimilata automaticamente a chiusura o cessazione.,4
Biblioteca confluita in IT-PG1007,BIBLIOTECA_CONFLUITA,TRASFORMAZIONE_ORGANIZZATIVA,False,IT-PG1007,Confluenza/assorbimento organizzativo; non assimilata automaticamente a chiusura o cessazione.,1
Biblioteca confluita in IT-PG1026,BIBLIOTECA_CONFLUITA,TRASFORMAZIONE_ORGANIZZATIVA,False,IT-PG1026,Confluenza/assorbimento organizzativo; non assimilata automaticamente a chiusura o cessazione.,1
Biblioteca confluita in IT-PI0182,BIBLIOTECA_CONFLUITA,TRASFORMAZIONE_ORGANIZZATIVA,False,IT-PI0182,Confluenza/assorbimento organizzativo; non assimilata automaticamente a chiusura o cessazione.,8
Biblioteca confluita in IT-PI0191,BIBLIOTECA_CONFLUITA,TRASFORMAZIONE_ORGANIZZATIVA,False,IT-PI0191,Confluenza/assorbimento organizzativo; non assimilata automaticamente a chiusura o cessazione.,2
Biblioteca confluita in IT-PI0193,BIBLIOTECA_CONFLUITA,TRASFORMAZIONE_ORGANIZZATIVA,False,IT-PI0193,Confluenza/assorbimento organizzativo; non assimilata automaticamente a chiusura o cessazione.,2
Biblioteca confluita in IT-PI0201,BIBLIOTECA_CONFLUITA,TRASFORMAZIONE_ORGANIZZATIVA,False,IT-PI0201,Confluenza/assorbimento organizzativo; non assimilata automaticamente a chiusura o cessazione.,4
Biblioteca confluita in IT-PI0225,BIBLIOTECA_CONFLUITA,TRASFORMAZIONE_ORGANIZZATIVA,False,IT-PI0225,Confluenza/assorbimento organizzativo; non assimilata automaticamente a chiusura o cessazione.,1
Biblioteca confluita in IT-PI0233,BIBLIOTECA_CONFLUITA,TRASFORMAZIONE_ORGANIZZATIVA,False,IT-PI0233,Confluenza/assorbimento organizzativo; non assimilata automaticamente a chiusura o cessazione.,12
Biblioteca confluita in IT-PI0251,BIBLIOTECA_CONFLUITA,TRASFORMAZIONE_ORGANIZZATIVA,False,IT-PI0251,Confluenza/assorbimento organizzativo; non assimilata automaticamente a chiusura o cessazione.,1
Biblioteca confluita in IT-PI0278,BIBLIOTECA_CONFLUITA,TRASFORMAZIONE_ORGANIZZATIVA,False,IT-PI0278,Confluenza/assorbimento organizzativo; non assimilata automaticamente a chiusura o cessazione.,2
Biblioteca confluita in IT-PI0318,BIBLIOTECA_CONFLUITA,TRASFORMAZIONE_ORGANIZZATIVA,False,IT-PI0318,Confluenza/assorbimento organizzativo; non assimilata automaticamente a chiusura o cessazione.,8
Biblioteca confluita in IT-PI0320,BIBLIOTECA_CONFLUITA,TRASFORMAZIONE_ORGANIZZATIVA,False,IT-PI0320,Confluenza/assorbimento organizzativo; non assimilata automaticamente a chiusura o cessazione.,5
Biblioteca confluita in IT-PI0416,BIBLIOTECA_CONFLUITA,TRASFORMAZIONE_ORGANIZZATIVA,False,IT-PI0416,Confluenza/assorbimento organizzativo; non assimilata automaticamente a chiusura o cessazione.,6
Biblioteca confluita in IT-PR0031,BIBLIOTECA_CONFLUITA,TRASFORMAZIONE_ORGANIZZATIVA,False,IT-PR0031,Confluenza/assorbimento organizzativo; non assimilata automaticamente a chiusura o cessazione.,4
Biblioteca confluita in IT-PR0032,BIBLIOTECA_CONFLUITA,TRASFORMAZIONE_ORGANIZZATIVA,False,IT-PR0032,Confluenza/assorbimento organizzativo; non assimilata automaticamente a chiusura o cessazione.,20
Biblioteca confluita in IT-PR0056,BIBLIOTECA_CONFLUITA,TRASFORMAZIONE_ORGANIZZATIVA,False,IT-PR0056,Confluenza/assorbimento organizzativo; non assimilata automaticamente a chiusura o cessazione.,3
Biblioteca confluita in IT-PR0072,BIBLIOTECA_CONFLUITA,TRASFORMAZIONE_ORGANIZZATIVA,False,IT-PR0072,Confluenza/assorbimento organizzativo; non assimilata automaticamente a chiusura o cessazione.,2
Biblioteca confluita in IT-PR0076,BIBLIOTECA_CONFLUITA,TRASFORMAZIONE_ORGANIZZATIVA,False,IT-PR0076,Confluenza/assorbimento organizzativo; non assimilata automaticamente a chiusura o cessazione.,12
Biblioteca confluita in IT-PR0139,BIBLIOTECA_CONFLUITA,TRASFORMAZIONE_ORGANIZZATIVA,False,IT-PR0139,Confluenza/assorbimento organizzativo; non assimilata automaticamente a chiusura o cessazione.,8
Biblioteca confluita in IT-PR0141,BIBLIOTECA_CONFLUITA,TRASFORMAZIONE_ORGANIZZATIVA,False,IT-PR0141,Confluenza/assorbimento organizzativo; non assimilata automaticamente a chiusura o cessazione.,6
Biblioteca confluita in IT-PR0142,BIBLIOTECA_CONFLUITA,TRASFORMAZIONE_ORGANIZZATIVA,False,IT-PR0142,Confluenza/assorbimento organizzativo; non assimilata automaticamente a chiusura o cessazione.,1
Biblioteca confluita in IT-PR0169,BIBLIOTECA_CONFLUITA,TRASFORMAZIONE_ORGANIZZATIVA,False,IT-PR0169,Confluenza/assorbimento organizzativo; non assimilata automaticamente a chiusura o cessazione.,4
Biblioteca confluita in IT-PR0174,BIBLIOTECA_CONFLUITA,TRASFORMAZIONE_ORGANIZZATIVA,False,IT-PR0174,Confluenza/assorbimento organizzativo; non assimilata automaticamente a chiusura o cessazione.,1
Biblioteca confluita in IT-PR0240,BIBLIOTECA_CONFLUITA,TRASFORMAZIONE_ORGANIZZATIVA,False,IT-PR0240,Confluenza/assorbimento organizzativo; non assimilata automaticamente a chiusura o cessazione.,6
Biblioteca confluita in IT-PU0010,BIBLIOTECA_CONFLUITA,TRASFORMAZIONE_ORGANIZZATIVA,False,IT-PU0010,Confluenza/assorbimento organizzativo; non assimilata automaticamente a chiusura o cessazione.,1
Biblioteca confluita in IT-PU0145,BIBLIOTECA_CONFLUITA,TRASFORMAZIONE_ORGANIZZATIVA,False,IT-PU0145,Confluenza/assorbimento organizzativo; non assimilata automaticamente a chiusura o cessazione.,1
Biblioteca confluita in IT-PU0157,BIBLIOTECA_CONFLUITA,TRASFORMAZIONE_ORGANIZZATIVA,False,IT-PU0157,Confluenza/assorbimento organizzativo; non assimilata automaticamente a chiusura o cessazione.,14
Biblioteca confluita in IT-PU0206,BIBLIOTECA_CONFLUITA,TRASFORMAZIONE_ORGANIZZATIVA,False,IT-PU0206,Confluenza/assorbimento organizzativo; non assimilata automaticamente a chiusura o cessazione.,11
Biblioteca confluita in IT-PV0144,BIBLIOTECA_CONFLUITA,TRASFORMAZIONE_ORGANIZZATIVA,False,IT-PV0144,Confluenza/assorbimento organizzativo; non assimilata automaticamente a chiusura o cessazione.,1
Biblioteca confluita in IT-PV0265,BIBLIOTECA_CONFLUITA,TRASFORMAZIONE_ORGANIZZATIVA,False,IT-PV0265,Confluenza/assorbimento organizzativo; non assimilata automaticamente a chiusura o cessazione.,33
Biblioteca confluita in IT-PV0295,BIBLIOTECA_CONFLUITA,TRASFORMAZIONE_ORGANIZZATIVA,False,IT-PV0295,Confluenza/assorbimento organizzativo; non assimilata automaticamente a chiusura o cessazione.,2
Biblioteca confluita in IT-PV0367,BIBLIOTECA_CONFLUITA,TRASFORMAZIONE_ORGANIZZATIVA,False,IT-PV0367,Confluenza/assorbimento organizzativo; non assimilata automaticamente a chiusura o cessazione.,3
Biblioteca confluita in IT-PV0369,BIBLIOTECA_CONFLUITA,TRASFORMAZIONE_ORGANIZZATIVA,False,IT-PV0369,Confluenza/assorbimento organizzativo; non assimilata automaticamente a chiusura o cessazione.,3
Biblioteca confluita in IT-PV0370,BIBLIOTECA_CONFLUITA,TRASFORMAZIONE_ORGANIZZATIVA,False,IT-PV0370,Confluenza/assorbimento organizzativo; non assimilata automaticamente a chiusura o cessazione.,2
Biblioteca confluita in IT-RA0009,BIBLIOTECA_CONFLUITA,TRASFORMAZIONE_ORGANIZZATIVA,False,IT-RA0009,Confluenza/assorbimento organizzativo; non assimilata automaticamente a chiusura o cessazione.,1
Biblioteca confluita in IT-RA0026,BIBLIOTECA_CONFLUITA,TRASFORMAZIONE_ORGANIZZATIVA,False,IT-RA0026,Confluenza/assorbimento organizzativo; non assimilata automaticamente a chiusura o cessazione.,2
Biblioteca confluita in IT-RA0036,BIBLIOTECA_CONFLUITA,TRASFORMAZIONE_ORGANIZZATIVA,False,IT-RA0036,Confluenza/assorbimento organizzativo; non assimilata automaticamente a chiusura o cessazione.,3
Biblioteca confluita in IT-RA0037,BIBLIOTECA_CONFLUITA,TRASFORMAZIONE_ORGANIZZATIVA,False,IT-RA0037,Confluenza/assorbimento organizzativo; non assimilata automaticamente a chiusura o cessazione.,1
Biblioteca confluita in IT-RA0104,BIBLIOTECA_CONFLUITA,TRASFORMAZIONE_ORGANIZZATIVA,False,IT-RA0104,Confluenza/assorbimento organizzativo; non assimilata automaticamente a chiusura o cessazione.,1
Biblioteca confluita in IT-RE0036,BIBLIOTECA_CONFLUITA,TRASFORMAZIONE_ORGANIZZATIVA,False,IT-RE0036,Confluenza/assorbimento organizzativo; non assimilata automaticamente a chiusura o cessazione.,1
Biblioteca confluita in IT-RM0108,BIBLIOTECA_CONFLUITA,TRASFORMAZIONE_ORGANIZZATIVA,False,IT-RM0108,Confluenza/assorbimento organizzativo; non assimilata automaticamente a chiusura o cessazione.,1
Biblioteca confluita in IT-RM0210,BIBLIOTECA_CONFLUITA,TRASFORMAZIONE_ORGANIZZATIVA,False,IT-RM0210,Confluenza/assorbimento organizzativo; non assimilata automaticamente a chiusura o cessazione.,1
Biblioteca confluita in IT-RM0426,BIBLIOTECA_CONFLUITA,TRASFORMAZIONE_ORGANIZZATIVA,False,IT-RM0426,Confluenza/assorbimento organizzativo; non assimilata automaticamente a chiusura o cessazione.,2
Biblioteca confluita in IT-RM0490,BIBLIOTECA_CONFLUITA,TRASFORMAZIONE_ORGANIZZATIVA,False,IT-RM0490,Confluenza/assorbimento organizzativo; non assimilata automaticamente a chiusura o cessazione.,1
Biblioteca confluita in IT-RM0528,BIBLIOTECA_CONFLUITA,TRASFORMAZIONE_ORGANIZZATIVA,False,IT-RM0528,Confluenza/assorbimento organizzativo; non assimilata automaticamente a chiusura o cessazione.,1
Biblioteca confluita in IT-RM0535,BIBLIOTECA_CONFLUITA,TRASFORMAZIONE_ORGANIZZATIVA,False,IT-RM0535,Confluenza/assorbimento organizzativo; non assimilata automaticamente a chiusura o cessazione.,1
Biblioteca confluita in IT-RM0573,BIBLIOTECA_CONFLUITA,TRASFORMAZIONE_ORGANIZZATIVA,False,IT-RM0573,Confluenza/assorbimento organizzativo; non assimilata automaticamente a chiusura o cessazione.,1
Biblioteca confluita in IT-RM0744,BIBLIOTECA_CONFLUITA,TRASFORMAZIONE_ORGANIZZATIVA,False,IT-RM0744,Confluenza/assorbimento organizzativo; non assimilata automaticamente a chiusura o cessazione.,1
Biblioteca confluita in IT-RM0806,BIBLIOTECA_CONFLUITA,TRASFORMAZIONE_ORGANIZZATIVA,False,IT-RM0806,Confluenza/assorbimento organizzativo; non assimilata automaticamente a chiusura o cessazione.,1
Biblioteca confluita in IT-RM0899,BIBLIOTECA_CONFLUITA,TRASFORMAZIONE_ORGANIZZATIVA,False,IT-RM0899,Confluenza/assorbimento organizzativo; non assimilata automaticamente a chiusura o cessazione.,1
Biblioteca confluita in IT-RM0906,BIBLIOTECA_CONFLUITA,TRASFORMAZIONE_ORGANIZZATIVA,False,IT-RM0906,Confluenza/assorbimento organizzativo; non assimilata automaticamente a chiusura o cessazione.,2
Biblioteca confluita in IT-RM0909,BIBLIOTECA_CONFLUITA,TRASFORMAZIONE_ORGANIZZATIVA,False,IT-RM0909,Confluenza/assorbimento organizzativo; non assimilata automaticamente a chiusura o cessazione.,2
Biblioteca confluita in IT-RM0910,BIBLIOTECA_CONFLUITA,TRASFORMAZIONE_ORGANIZZATIVA,False,IT-RM0910,Confluenza/assorbimento organizzativo; non assimilata automaticamente a chiusura o cessazione.,3
Biblioteca confluita in IT-RM0916,BIBLIOTECA_CONFLUITA,TRASFORMAZIONE_ORGANIZZATIVA,False,IT-RM0916,Confluenza/assorbimento organizzativo; non assimilata automaticamente a chiusura o cessazione.,3
Biblioteca confluita in IT-RM0917,BIBLIOTECA_CONFLUITA,TRASFORMAZIONE_ORGANIZZATIVA,False,IT-RM0917,Confluenza/assorbimento organizzativo; non assimilata automaticamente a chiusura o cessazione.,4
Biblioteca confluita in IT-RM0920,BIBLIOTECA_CONFLUITA,TRASFORMAZIONE_ORGANIZZATIVA,False,IT-RM0920,Confluenza/assorbimento organizzativo; non assimilata automaticamente a chiusura o cessazione.,1
Biblioteca confluita in IT-RM0936,BIBLIOTECA_CONFLUITA,TRASFORMAZIONE_ORGANIZZATIVA,False,IT-RM0936,Confluenza/assorbimento organizzativo; non assimilata automaticamente a chiusura o cessazione.,1
Biblioteca confluita in IT-RM0940,BIBLIOTECA_CONFLUITA,TRASFORMAZIONE_ORGANIZZATIVA,False,IT-RM0940,Confluenza/assorbimento organizzativo; non assimilata automaticamente a chiusura o cessazione.,3
Biblioteca confluita in IT-RM0943,BIBLIOTECA_CONFLUITA,TRASFORMAZIONE_ORGANIZZATIVA,False,IT-RM0943,Confluenza/assorbimento organizzativo; non assimilata automaticamente a chiusura o cessazione.,1
Biblioteca confluita in IT-RM0945,BIBLIOTECA_CONFLUITA,TRASFORMAZIONE_ORGANIZZATIVA,False,IT-RM0945,Confluenza/assorbimento organizzativo; non assimilata automaticamente a chiusura o cessazione.,2
Biblioteca confluita in IT-RM0954,BIBLIOTECA_CONFLUITA,TRASFORMAZIONE_ORGANIZZATIVA,False,IT-RM0954,Confluenza/assorbimento organizzativo; non assimilata automaticamente a chiusura o cessazione.,1
Biblioteca confluita in IT-RM0960,BIBLIOTECA_CONFLUITA,TRASFORMAZIONE_ORGANIZZATIVA,False,IT-RM0960,Confluenza/assorbimento organizzativo; non assimilata automaticamente a chiusura o cessazione.,1
Biblioteca confluita in IT-RM0967,BIBLIOTECA_CONFLUITA,TRASFORMAZIONE_ORGANIZZATIVA,False,IT-RM0967,Confluenza/assorbimento organizzativo; non assimilata automaticamente a chiusura o cessazione.,2
Biblioteca confluita in IT-RM0972,BIBLIOTECA_CONFLUITA,TRASFORMAZIONE_ORGANIZZATIVA,False,IT-RM0972,Confluenza/assorbimento organizzativo; non assimilata automaticamente a chiusura o cessazione.,2
Biblioteca confluita in IT-RM0973,BIBLIOTECA_CONFLUITA,TRASFORMAZIONE_ORGANIZZATIVA,False,IT-RM0973,Confluenza/assorbimento organizzativo; non assimilata automaticamente a chiusura o cessazione.,2
Biblioteca confluita in IT-RM0983,BIBLIOTECA_CONFLUITA,TRASFORMAZIONE_ORGANIZZATIVA,False,IT-RM0983,Confluenza/assorbimento organizzativo; non assimilata automaticamente a chiusura o cessazione.,1
Biblioteca confluita in IT-RM0985,BIBLIOTECA_CONFLUITA,TRASFORMAZIONE_ORGANIZZATIVA,False,IT-RM0985,Confluenza/assorbimento organizzativo; non assimilata automaticamente a chiusura o cessazione.,2
Biblioteca confluita in IT-RM0989,BIBLIOTECA_CONFLUITA,TRASFORMAZIONE_ORGANIZZATIVA,False,IT-RM0989,Confluenza/assorbimento organizzativo; non assimilata automaticamente a chiusura o cessazione.,1
Biblioteca confluita in IT-RM0995,BIBLIOTECA_CONFLUITA,TRASFORMAZIONE_ORGANIZZATIVA,False,IT-RM0995,Confluenza/assorbimento organizzativo; non assimilata automaticamente a chiusura o cessazione.,1
Biblioteca confluita in IT-RM0998,BIBLIOTECA_CONFLUITA,TRASFORMAZIONE_ORGANIZZATIVA,False,IT-RM0998,Confluenza/assorbimento organizzativo; non assimilata automaticamente a chiusura o cessazione.,1
Biblioteca confluita in IT-RM1007,BIBLIOTECA_CONFLUITA,TRASFORMAZIONE_ORGANIZZATIVA,False,IT-RM1007,Confluenza/assorbimento organizzativo; non assimilata automaticamente a chiusura o cessazione.,2
Biblioteca confluita in IT-RM1008,BIBLIOTECA_CONFLUITA,TRASFORMAZIONE_ORGANIZZATIVA,False,IT-RM1008,Confluenza/assorbimento organizzativo; non assimilata automaticamente a chiusura o cessazione.,2
Biblioteca confluita in IT-RM1016,BIBLIOTECA_CONFLUITA,TRASFORMAZIONE_ORGANIZZATIVA,False,IT-RM1016,Confluenza/assorbimento organizzativo; non assimilata automaticamente a chiusura o cessazione.,2
Biblioteca confluita in IT-RM1019,BIBLIOTECA_CONFLUITA,TRASFORMAZIONE_ORGANIZZATIVA,False,IT-RM1019,Confluenza/assorbimento organizzativo; non assimilata automaticamente a chiusura o cessazione.,1
Biblioteca confluita in IT-RM1022,BIBLIOTECA_CONFLUITA,TRASFORMAZIONE_ORGANIZZATIVA,False,IT-RM1022,Confluenza/assorbimento organizzativo; non assimilata automaticamente a chiusura o cessazione.,4
Biblioteca confluita in IT-RM1029,BIBLIOTECA_CONFLUITA,TRASFORMAZIONE_ORGANIZZATIVA,False,IT-RM1029,Confluenza/assorbimento organizzativo; non assimilata automaticamente a chiusura o cessazione.,1
Biblioteca confluita in IT-RM1038,BIBLIOTECA_CONFLUITA,TRASFORMAZIONE_ORGANIZZATIVA,False,IT-RM1038,Confluenza/assorbimento organizzativo; non assimilata automaticamente a chiusura o cessazione.,2
Biblioteca confluita in IT-RM1040,BIBLIOTECA_CONFLUITA,TRASFORMAZIONE_ORGANIZZATIVA,False,IT-RM1040,Confluenza/assorbimento organizzativo; non assimilata automaticamente a chiusura o cessazione.,1
Biblioteca confluita in IT-RM1042,BIBLIOTECA_CONFLUITA,TRASFORMAZIONE_ORGANIZZATIVA,False,IT-RM1042,Confluenza/assorbimento organizzativo; non assimilata automaticamente a chiusura o cessazione.,1
Biblioteca confluita in IT-RM1072,BIBLIOTECA_CONFLUITA,TRASFORMAZIONE_ORGANIZZATIVA,False,IT-RM1072,Confluenza/assorbimento organizzativo; non assimilata automaticamente a chiusura o cessazione.,1
Biblioteca confluita in IT-RM1158,BIBLIOTECA_CONFLUITA,TRASFORMAZIONE_ORGANIZZATIVA,False,IT-RM1158,Confluenza/assorbimento organizzativo; non assimilata automaticamente a chiusura o cessazione.,1
Biblioteca confluita in IT-RM1200,BIBLIOTECA_CONFLUITA,TRASFORMAZIONE_ORGANIZZATIVA,False,IT-RM1200,Confluenza/assorbimento organizzativo; non assimilata automaticamente a chiusura o cessazione.,1
Biblioteca confluita in IT-RM1225,BIBLIOTECA_CONFLUITA,TRASFORMAZIONE_ORGANIZZATIVA,False,IT-RM1225,Confluenza/assorbimento organizzativo; non assimilata automaticamente a chiusura o cessazione.,1
Biblioteca confluita in IT-RM1232,BIBLIOTECA_CONFLUITA,TRASFORMAZIONE_ORGANIZZATIVA,False,IT-RM1232,Confluenza/assorbimento organizzativo; non assimilata automaticamente a chiusura o cessazione.,1
Biblioteca confluita in IT-RM1299,BIBLIOTECA_CONFLUITA,TRASFORMAZIONE_ORGANIZZATIVA,False,IT-RM1299,Confluenza/assorbimento organizzativo; non assimilata automaticamente a chiusura o cessazione.,2
Biblioteca confluita in IT-RM1337,BIBLIOTECA_CONFLUITA,TRASFORMAZIONE_ORGANIZZATIVA,False,IT-RM1337,Confluenza/assorbimento organizzativo; non assimilata automaticamente a chiusura o cessazione.,1
Biblioteca confluita in IT-RM1338,BIBLIOTECA_CONFLUITA,TRASFORMAZIONE_ORGANIZZATIVA,False,IT-RM1338,Confluenza/assorbimento organizzativo; non assimilata automaticamente a chiusura o cessazione.,6
Biblioteca confluita in IT-RM1339,BIBLIOTECA_CONFLUITA,TRASFORMAZIONE_ORGANIZZATIVA,False,IT-RM1339,Confluenza/assorbimento organizzativo; non assimilata automaticamente a chiusura o cessazione.,1
Biblioteca confluita in IT-RM1482,BIBLIOTECA_CONFLUITA,TRASFORMAZIONE_ORGANIZZATIVA,False,IT-RM1482,Confluenza/assorbimento organizzativo; non assimilata automaticamente a chiusura o cessazione.,1
Biblioteca confluita in IT-RM1514,BIBLIOTECA_CONFLUITA,TRASFORMAZIONE_ORGANIZZATIVA,False,IT-RM1514,Confluenza/assorbimento organizzativo; non assimilata automaticamente a chiusura o cessazione.,4
Biblioteca confluita in IT-RM1529,BIBLIOTECA_CONFLUITA,TRASFORMAZIONE_ORGANIZZATIVA,False,IT-RM1529,Confluenza/assorbimento organizzativo; non assimilata automaticamente a chiusura o cessazione.,1
Biblioteca confluita in IT-RM1611,BIBLIOTECA_CONFLUITA,TRASFORMAZIONE_ORGANIZZATIVA,False,IT-RM1611,Confluenza/assorbimento organizzativo; non assimilata automaticamente a chiusura o cessazione.,4
Biblioteca confluita in IT-RM1616,BIBLIOTECA_CONFLUITA,TRASFORMAZIONE_ORGANIZZATIVA,False,IT-RM1616,Confluenza/assorbimento organizzativo; non assimilata automaticamente a chiusura o cessazione.,1
Biblioteca confluita in IT-RM1620,BIBLIOTECA_CONFLUITA,TRASFORMAZIONE_ORGANIZZATIVA,False,IT-RM1620,Confluenza/assorbimento organizzativo; non assimilata automaticamente a chiusura o cessazione.,3
Biblioteca confluita in IT-RM1653,BIBLIOTECA_CONFLUITA,TRASFORMAZIONE_ORGANIZZATIVA,False,IT-RM1653,Confluenza/assorbimento organizzativo; non assimilata automaticamente a chiusura o cessazione.,2
Biblioteca confluita in IT-RM1676,BIBLIOTECA_CONFLUITA,TRASFORMAZIONE_ORGANIZZATIVA,False,IT-RM1676,Confluenza/assorbimento organizzativo; non assimilata automaticamente a chiusura o cessazione.,1
Biblioteca confluita in IT-RM1686,BIBLIOTECA_CONFLUITA,TRASFORMAZIONE_ORGANIZZATIVA,False,IT-RM1686,Confluenza/assorbimento organizzativo; non assimilata automaticamente a chiusura o cessazione.,1
Biblioteca confluita in IT-RM1700,BIBLIOTECA_CONFLUITA,TRASFORMAZIONE_ORGANIZZATIVA,False,IT-RM1700,Confluenza/assorbimento organizzativo; non assimilata automaticamente a chiusura o cessazione.,3
Biblioteca confluita in IT-RM1887,BIBLIOTECA_CONFLUITA,TRASFORMAZIONE_ORGANIZZATIVA,False,IT-RM1887,Confluenza/assorbimento organizzativo; non assimilata automaticamente a chiusura o cessazione.,2
Biblioteca confluita in IT-RM1919,BIBLIOTECA_CONFLUITA,TRASFORMAZIONE_ORGANIZZATIVA,False,IT-RM1919,Confluenza/assorbimento organizzativo; non assimilata automaticamente a chiusura o cessazione.,1
Biblioteca confluita in IT-RM2053,BIBLIOTECA_CONFLUITA,TRASFORMAZIONE_ORGANIZZATIVA,False,IT-RM2053,Confluenza/assorbimento organizzativo; non assimilata automaticamente a chiusura o cessazione.,2
Biblioteca confluita in IT-RM2064,BIBLIOTECA_CONFLUITA,TRASFORMAZIONE_ORGANIZZATIVA,False,IT-RM2064,Confluenza/assorbimento organizzativo; non assimilata automaticamente a chiusura o cessazione.,1
Biblioteca confluita in IT-RM2081,BIBLIOTECA_CONFLUITA,TRASFORMAZIONE_ORGANIZZATIVA,False,IT-RM2081,Confluenza/assorbimento organizzativo; non assimilata automaticamente a chiusura o cessazione.,1
Biblioteca confluita in IT-RN0044,BIBLIOTECA_CONFLUITA,TRASFORMAZIONE_ORGANIZZATIVA,False,IT-RN0044,Confluenza/assorbimento organizzativo; non assimilata automaticamente a chiusura o cessazione.,1
Biblioteca confluita in IT-RN0083,BIBLIOTECA_CONFLUITA,TRASFORMAZIONE_ORGANIZZATIVA,False,IT-RN0083,Confluenza/assorbimento organizzativo; non assimilata automaticamente a chiusura o cessazione.,2
Biblioteca confluita in IT-SA0075,BIBLIOTECA_CONFLUITA,TRASFORMAZIONE_ORGANIZZATIVA,False,IT-SA0075,Confluenza/assorbimento organizzativo; non assimilata automaticamente a chiusura o cessazione.,1
Biblioteca confluita in IT-SA0119,BIBLIOTECA_CONFLUITA,TRASFORMAZIONE_ORGANIZZATIVA,False,IT-SA0119,Confluenza/assorbimento organizzativo; non assimilata automaticamente a chiusura o cessazione.,11
Biblioteca confluita in IT-SA0186,BIBLIOTECA_CONFLUITA,TRASFORMAZIONE_ORGANIZZATIVA,False,IT-SA0186,Confluenza/assorbimento organizzativo; non assimilata automaticamente a chiusura o cessazione.,7
Biblioteca confluita in IT-SI0104,BIBLIOTECA_CONFLUITA,TRASFORMAZIONE_ORGANIZZATIVA,False,IT-SI0104,Confluenza/assorbimento organizzativo; non assimilata automaticamente a chiusura o cessazione.,1
Biblioteca confluita in IT-SP0031,BIBLIOTECA_CONFLUITA,TRASFORMAZIONE_ORGANIZZATIVA,False,IT-SP0031,Confluenza/assorbimento organizzativo; non assimilata automaticamente a chiusura o cessazione.,1
Biblioteca confluita in IT-SP0058,BIBLIOTECA_CONFLUITA,TRASFORMAZIONE_ORGANIZZATIVA,False,IT-SP0058,Confluenza/assorbimento organizzativo; non assimilata automaticamente a chiusura o cessazione.,1
Biblioteca confluita in IT-SP0106,BIBLIOTECA_CONFLUITA,TRASFORMAZIONE_ORGANIZZATIVA,False,IT-SP0106,Confluenza/assorbimento organizzativo; non assimilata automaticamente a chiusura o cessazione.,1
Biblioteca confluita in IT-SP0195,BIBLIOTECA_CONFLUITA,TRASFORMAZIONE_ORGANIZZATIVA,False,IT-SP0195,Confluenza/assorbimento organizzativo; non assimilata automaticamente a chiusura o cessazione.,1
Biblioteca confluita in IT-SR0003,BIBLIOTECA_CONFLUITA,TRASFORMAZIONE_ORGANIZZATIVA,False,IT-SR0003,Confluenza/assorbimento organizzativo; non assimilata automaticamente a chiusura o cessazione.,1
Biblioteca confluita in IT-SS0014,BIBLIOTECA_CONFLUITA,TRASFORMAZIONE_ORGANIZZATIVA,False,IT-SS0014,Confluenza/assorbimento organizzativo; non assimilata automaticamente a chiusura o cessazione.,1
Biblioteca confluita in IT-SS0071,BIBLIOTECA_CONFLUITA,TRASFORMAZIONE_ORGANIZZATIVA,False,IT-SS0071,Confluenza/assorbimento organizzativo; non assimilata automaticamente a chiusura o cessazione.,2
Biblioteca confluita in IT-SS0080,BIBLIOTECA_CONFLUITA,TRASFORMAZIONE_ORGANIZZATIVA,False,IT-SS0080,Confluenza/assorbimento organizzativo; non assimilata automaticamente a chiusura o cessazione.,1
Biblioteca confluita in IT-SS0111,BIBLIOTECA_CONFLUITA,TRASFORMAZIONE_ORGANIZZATIVA,False,IT-SS0111,Confluenza/assorbimento organizzativo; non assimilata automaticamente a chiusura o cessazione.,2
Biblioteca confluita in IT-SS0142,BIBLIOTECA_CONFLUITA,TRASFORMAZIONE_ORGANIZZATIVA,False,IT-SS0142,Confluenza/assorbimento organizzativo; non assimilata automaticamente a chiusura o cessazione.,11
Biblioteca confluita in IT-SS0166,BIBLIOTECA_CONFLUITA,TRASFORMAZIONE_ORGANIZZATIVA,False,IT-SS0166,Confluenza/assorbimento organizzativo; non assimilata automaticamente a chiusura o cessazione.,34
Biblioteca confluita in IT-SS0167,BIBLIOTECA_CONFLUITA,TRASFORMAZIONE_ORGANIZZATIVA,False,IT-SS0167,Confluenza/assorbimento organizzativo; non assimilata automaticamente a chiusura o cessazione.,16
Biblioteca confluita in IT-SS0169,BIBLIOTECA_CONFLUITA,TRASFORMAZIONE_ORGANIZZATIVA,False,IT-SS0169,Confluenza/assorbimento organizzativo; non assimilata automaticamente a chiusura o cessazione.,1
Biblioteca confluita in IT-SS0183,BIBLIOTECA_CONFLUITA,TRASFORMAZIONE_ORGANIZZATIVA,False,IT-SS0183,Confluenza/assorbimento organizzativo; non assimilata automaticamente a chiusura o cessazione.,3
Biblioteca confluita in IT-SS0209,BIBLIOTECA_CONFLUITA,TRASFORMAZIONE_ORGANIZZATIVA,False,IT-SS0209,Confluenza/assorbimento organizzativo; non assimilata automaticamente a chiusura o cessazione.,8
Biblioteca confluita in IT-SS0267,BIBLIOTECA_CONFLUITA,TRASFORMAZIONE_ORGANIZZATIVA,False,IT-SS0267,Confluenza/assorbimento organizzativo; non assimilata automaticamente a chiusura o cessazione.,1
Biblioteca confluita in IT-SS0271,BIBLIOTECA_CONFLUITA,TRASFORMAZIONE_ORGANIZZATIVA,False,IT-SS0271,Confluenza/assorbimento organizzativo; non assimilata automaticamente a chiusura o cessazione.,1
Biblioteca confluita in IT-SS0272,BIBLIOTECA_CONFLUITA,TRASFORMAZIONE_ORGANIZZATIVA,False,IT-SS0272,Confluenza/assorbimento organizzativo; non assimilata automaticamente a chiusura o cessazione.,3
Biblioteca confluita in IT-SV0006,BIBLIOTECA_CONFLUITA,TRASFORMAZIONE_ORGANIZZATIVA,False,IT-SV0006,Confluenza/assorbimento organizzativo; non assimilata automaticamente a chiusura o cessazione.,1
Biblioteca confluita in IT-SV0226,BIBLIOTECA_CONFLUITA,TRASFORMAZIONE_ORGANIZZATIVA,False,IT-SV0226,Confluenza/assorbimento organizzativo; non assimilata automaticamente a chiusura o cessazione.,2
Biblioteca confluita in IT-TA0049,BIBLIOTECA_CONFLUITA,TRASFORMAZIONE_ORGANIZZATIVA,False,IT-TA0049,Confluenza/assorbimento organizzativo; non assimilata automaticamente a chiusura o cessazione.,1
Biblioteca confluita in IT-TE0003,BIBLIOTECA_CONFLUITA,TRASFORMAZIONE_ORGANIZZATIVA,False,IT-TE0003,Confluenza/assorbimento organizzativo; non assimilata automaticamente a chiusura o cessazione.,1
Biblioteca confluita in IT-TE0035,BIBLIOTECA_CONFLUITA,TRASFORMAZIONE_ORGANIZZATIVA,False,IT-TE0035,Confluenza/assorbimento organizzativo; non assimilata automaticamente a chiusura o cessazione.,1
Biblioteca confluita in IT-TE0045,BIBLIOTECA_CONFLUITA,TRASFORMAZIONE_ORGANIZZATIVA,False,IT-TE0045,Confluenza/assorbimento organizzativo; non assimilata automaticamente a chiusura o cessazione.,2
Biblioteca confluita in IT-TN0123,BIBLIOTECA_CONFLUITA,TRASFORMAZIONE_ORGANIZZATIVA,False,IT-TN0123,Confluenza/assorbimento organizzativo; non assimilata automaticamente a chiusura o cessazione.,1
Biblioteca confluita in IT-TN0129,BIBLIOTECA_CONFLUITA,TRASFORMAZIONE_ORGANIZZATIVA,False,IT-TN0129,Confluenza/assorbimento organizzativo; non assimilata automaticamente a chiusura o cessazione.,2
Biblioteca confluita in IT-TN0132,BIBLIOTECA_CONFLUITA,TRASFORMAZIONE_ORGANIZZATIVA,False,IT-TN0132,Confluenza/assorbimento organizzativo; non assimilata automaticamente a chiusura o cessazione.,2
Biblioteca confluita in IT-TN0153,BIBLIOTECA_CONFLUITA,TRASFORMAZIONE_ORGANIZZATIVA,False,IT-TN0153,Confluenza/assorbimento organizzativo; non assimilata automaticamente a chiusura o cessazione.,5
Biblioteca confluita in IT-TN0155,BIBLIOTECA_CONFLUITA,TRASFORMAZIONE_ORGANIZZATIVA,False,IT-TN0155,Confluenza/assorbimento organizzativo; non assimilata automaticamente a chiusura o cessazione.,1
Biblioteca confluita in IT-TN0157,BIBLIOTECA_CONFLUITA,TRASFORMAZIONE_ORGANIZZATIVA,False,IT-TN0157,Confluenza/assorbimento organizzativo; non assimilata automaticamente a chiusura o cessazione.,1
Biblioteca confluita in IT-TN0592,BIBLIOTECA_CONFLUITA,TRASFORMAZIONE_ORGANIZZATIVA,False,IT-TN0592,Confluenza/assorbimento organizzativo; non assimilata automaticamente a chiusura o cessazione.,1
Biblioteca confluita in IT-TO0071,BIBLIOTECA_CONFLUITA,TRASFORMAZIONE_ORGANIZZATIVA,False,IT-TO0071,Confluenza/assorbimento organizzativo; non assimilata automaticamente a chiusura o cessazione.,1
Biblioteca confluita in IT-TO0135,BIBLIOTECA_CONFLUITA,TRASFORMAZIONE_ORGANIZZATIVA,False,IT-TO0135,Confluenza/assorbimento organizzativo; non assimilata automaticamente a chiusura o cessazione.,1
Biblioteca confluita in IT-TO0226,BIBLIOTECA_CONFLUITA,TRASFORMAZIONE_ORGANIZZATIVA,False,IT-TO0226,Confluenza/assorbimento organizzativo; non assimilata automaticamente a chiusura o cessazione.,1
Biblioteca confluita in IT-TO0257,BIBLIOTECA_CONFLUITA,TRASFORMAZIONE_ORGANIZZATIVA,False,IT-TO0257,Confluenza/assorbimento organizzativo; non assimilata automaticamente a chiusura o cessazione.,1
Biblioteca confluita in IT-TO0326,BIBLIOTECA_CONFLUITA,TRASFORMAZIONE_ORGANIZZATIVA,False,IT-TO0326,Confluenza/assorbimento organizzativo; non assimilata automaticamente a chiusura o cessazione.,1
Biblioteca confluita in IT-TO0350,BIBLIOTECA_CONFLUITA,TRASFORMAZIONE_ORGANIZZATIVA,False,IT-TO0350,Confluenza/assorbimento organizzativo; non assimilata automaticamente a chiusura o cessazione.,1
Biblioteca confluita in IT-TO0464,BIBLIOTECA_CONFLUITA,TRASFORMAZIONE_ORGANIZZATIVA,False,IT-TO0464,Confluenza/assorbimento organizzativo; non assimilata automaticamente a chiusura o cessazione.,1
Biblioteca confluita in IT-TO0528,BIBLIOTECA_CONFLUITA,TRASFORMAZIONE_ORGANIZZATIVA,False,IT-TO0528,Confluenza/assorbimento organizzativo; non assimilata automaticamente a chiusura o cessazione.,2
Biblioteca confluita in IT-TO0531,BIBLIOTECA_CONFLUITA,TRASFORMAZIONE_ORGANIZZATIVA,False,IT-TO0531,Confluenza/assorbimento organizzativo; non assimilata automaticamente a chiusura o cessazione.,12
Biblioteca confluita in IT-TO0637,BIBLIOTECA_CONFLUITA,TRASFORMAZIONE_ORGANIZZATIVA,False,IT-TO0637,Confluenza/assorbimento organizzativo; non assimilata automaticamente a chiusura o cessazione.,1
Biblioteca confluita in IT-TO0646,BIBLIOTECA_CONFLUITA,TRASFORMAZIONE_ORGANIZZATIVA,False,IT-TO0646,Confluenza/assorbimento organizzativo; non assimilata automaticamente a chiusura o cessazione.,1
Biblioteca confluita in IT-TO0650,BIBLIOTECA_CONFLUITA,TRASFORMAZIONE_ORGANIZZATIVA,False,IT-TO0650,Confluenza/assorbimento organizzativo; non assimilata automaticamente a chiusura o cessazione.,1
Biblioteca confluita in IT-TO0661,BIBLIOTECA_CONFLUITA,TRASFORMAZIONE_ORGANIZZATIVA,False,IT-TO0661,Confluenza/assorbimento organizzativo; non assimilata automaticamente a chiusura o cessazione.,1
Biblioteca confluita in IT-TO0954,BIBLIOTECA_CONFLUITA,TRASFORMAZIONE_ORGANIZZATIVA,False,IT-TO0954,Confluenza/assorbimento organizzativo; non assimilata automaticamente a chiusura o cessazione.,1
Biblioteca confluita in IT-TO1203,BIBLIOTECA_CONFLUITA,TRASFORMAZIONE_ORGANIZZATIVA,False,IT-TO1203,Confluenza/assorbimento organizzativo; non assimilata automaticamente a chiusura o cessazione.,4
Biblioteca confluita in IT-TO1242,BIBLIOTECA_CONFLUITA,TRASFORMAZIONE_ORGANIZZATIVA,False,IT-TO1242,Confluenza/assorbimento organizzativo; non assimilata automaticamente a chiusura o cessazione.,1
Biblioteca confluita in IT-TP0001,BIBLIOTECA_CONFLUITA,TRASFORMAZIONE_ORGANIZZATIVA,False,IT-TP0001,Confluenza/assorbimento organizzativo; non assimilata automaticamente a chiusura o cessazione.,1
Biblioteca confluita in IT-TR0022,BIBLIOTECA_CONFLUITA,TRASFORMAZIONE_ORGANIZZATIVA,False,IT-TR0022,Confluenza/assorbimento organizzativo; non assimilata automaticamente a chiusura o cessazione.,1
Biblioteca confluita in IT-TR0032,BIBLIOTECA_CONFLUITA,TRASFORMAZIONE_ORGANIZZATIVA,False,IT-TR0032,Confluenza/assorbimento organizzativo; non assimilata automaticamente a chiusura o cessazione.,2
Biblioteca confluita in IT-TS0012,BIBLIOTECA_CONFLUITA,TRASFORMAZIONE_ORGANIZZATIVA,False,IT-TS0012,Confluenza/assorbimento organizzativo; non assimilata automaticamente a chiusura o cessazione.,2
Biblioteca confluita in IT-TS0141,BIBLIOTECA_CONFLUITA,TRASFORMAZIONE_ORGANIZZATIVA,False,IT-TS0141,Confluenza/assorbimento organizzativo; non assimilata automaticamente a chiusura o cessazione.,12
Biblioteca confluita in IT-TS0150,BIBLIOTECA_CONFLUITA,TRASFORMAZIONE_ORGANIZZATIVA,False,IT-TS0150,Confluenza/assorbimento organizzativo; non assimilata automaticamente a chiusura o cessazione.,4
Biblioteca confluita in IT-TS0162,BIBLIOTECA_CONFLUITA,TRASFORMAZIONE_ORGANIZZATIVA,False,IT-TS0162,Confluenza/assorbimento organizzativo; non assimilata automaticamente a chiusura o cessazione.,1
Biblioteca confluita in IT-TS0215,BIBLIOTECA_CONFLUITA,TRASFORMAZIONE_ORGANIZZATIVA,False,IT-TS0215,Confluenza/assorbimento organizzativo; non assimilata automaticamente a chiusura o cessazione.,1
Biblioteca confluita in IT-TS0216,BIBLIOTECA_CONFLUITA,TRASFORMAZIONE_ORGANIZZATIVA,False,IT-TS0216,Confluenza/assorbimento organizzativo; non assimilata automaticamente a chiusura o cessazione.,7
Biblioteca confluita in IT-TS0222,BIBLIOTECA_CONFLUITA,TRASFORMAZIONE_ORGANIZZATIVA,False,IT-TS0222,Confluenza/assorbimento organizzativo; non assimilata automaticamente a chiusura o cessazione.,1
Biblioteca confluita in IT-TS0240,BIBLIOTECA_CONFLUITA,TRASFORMAZIONE_ORGANIZZATIVA,False,IT-TS0240,Confluenza/assorbimento organizzativo; non assimilata automaticamente a chiusura o cessazione.,1
Biblioteca confluita in IT-TS0254,BIBLIOTECA_CONFLUITA,TRASFORMAZIONE_ORGANIZZATIVA,False,IT-TS0254,Confluenza/assorbimento organizzativo; non assimilata automaticamente a chiusura o cessazione.,1
Biblioteca confluita in IT-TS0269,BIBLIOTECA_CONFLUITA,TRASFORMAZIONE_ORGANIZZATIVA,False,IT-TS0269,Confluenza/assorbimento organizzativo; non assimilata automaticamente a chiusura o cessazione.,6
Biblioteca confluita in IT-TS0276,BIBLIOTECA_CONFLUITA,TRASFORMAZIONE_ORGANIZZATIVA,False,IT-TS0276,Confluenza/assorbimento organizzativo; non assimilata automaticamente a chiusura o cessazione.,6
Biblioteca confluita in IT-TV0163,BIBLIOTECA_CONFLUITA,TRASFORMAZIONE_ORGANIZZATIVA,False,IT-TV0163,Confluenza/assorbimento organizzativo; non assimilata automaticamente a chiusura o cessazione.,1
Biblioteca confluita in IT-VC0072,BIBLIOTECA_CONFLUITA,TRASFORMAZIONE_ORGANIZZATIVA,False,IT-VC0072,Confluenza/assorbimento organizzativo; non assimilata automaticamente a chiusura o cessazione.,1
Biblioteca confluita in IT-VE0031,BIBLIOTECA_CONFLUITA,TRASFORMAZIONE_ORGANIZZATIVA,False,IT-VE0031,Confluenza/assorbimento organizzativo; non assimilata automaticamente a chiusura o cessazione.,1
Biblioteca confluita in IT-VE0164,BIBLIOTECA_CONFLUITA,TRASFORMAZIONE_ORGANIZZATIVA,False,IT-VE0164,Confluenza/assorbimento organizzativo; non assimilata automaticamente a chiusura o cessazione.,1
Biblioteca confluita in IT-VE0173,BIBLIOTECA_CONFLUITA,TRASFORMAZIONE_ORGANIZZATIVA,False,IT-VE0173,Confluenza/assorbimento organizzativo; non assimilata automaticamente a chiusura o cessazione.,1
Biblioteca confluita in IT-VE0183,BIBLIOTECA_CONFLUITA,TRASFORMAZIONE_ORGANIZZATIVA,False,IT-VE0183,Confluenza/assorbimento organizzativo; non assimilata automaticamente a chiusura o cessazione.,2
Biblioteca confluita in IT-VE0188,BIBLIOTECA_CONFLUITA,TRASFORMAZIONE_ORGANIZZATIVA,False,IT-VE0188,Confluenza/assorbimento organizzativo; non assimilata automaticamente a chiusura o cessazione.,1
Biblioteca confluita in IT-VE0190,BIBLIOTECA_CONFLUITA,TRASFORMAZIONE_ORGANIZZATIVA,False,IT-VE0190,Confluenza/assorbimento organizzativo; non assimilata automaticamente a chiusura o cessazione.,6
Biblioteca confluita in IT-VE0193,BIBLIOTECA_CONFLUITA,TRASFORMAZIONE_ORGANIZZATIVA,False,IT-VE0193,Confluenza/assorbimento organizzativo; non assimilata automaticamente a chiusura o cessazione.,1
Biblioteca confluita in IT-VE0195,BIBLIOTECA_CONFLUITA,TRASFORMAZIONE_ORGANIZZATIVA,False,IT-VE0195,Confluenza/assorbimento organizzativo; non assimilata automaticamente a chiusura o cessazione.,6
Biblioteca confluita in IT-VE0268,BIBLIOTECA_CONFLUITA,TRASFORMAZIONE_ORGANIZZATIVA,False,IT-VE0268,Confluenza/assorbimento organizzativo; non assimilata automaticamente a chiusura o cessazione.,1
Biblioteca confluita in IT-VE0277,BIBLIOTECA_CONFLUITA,TRASFORMAZIONE_ORGANIZZATIVA,False,IT-VE0277,Confluenza/assorbimento organizzativo; non assimilata automaticamente a chiusura o cessazione.,2
Biblioteca confluita in IT-VE0279,BIBLIOTECA_CONFLUITA,TRASFORMAZIONE_ORGANIZZATIVA,False,IT-VE0279,Confluenza/assorbimento organizzativo; non assimilata automaticamente a chiusura o cessazione.,2
Biblioteca confluita in IT-VE0308,BIBLIOTECA_CONFLUITA,TRASFORMAZIONE_ORGANIZZATIVA,False,IT-VE0308,Confluenza/assorbimento organizzativo; non assimilata automaticamente a chiusura o cessazione.,8
Biblioteca confluita in IT-VE0364,BIBLIOTECA_CONFLUITA,TRASFORMAZIONE_ORGANIZZATIVA,False,IT-VE0364,Confluenza/assorbimento organizzativo; non assimilata automaticamente a chiusura o cessazione.,1
Biblioteca confluita in IT-VR0059,BIBLIOTECA_CONFLUITA,TRASFORMAZIONE_ORGANIZZATIVA,False,IT-VR0059,Confluenza/assorbimento organizzativo; non assimilata automaticamente a chiusura o cessazione.,2
Biblioteca confluita in IT-VR0138,BIBLIOTECA_CONFLUITA,TRASFORMAZIONE_ORGANIZZATIVA,False,IT-VR0138,Confluenza/assorbimento organizzativo; non assimilata automaticamente a chiusura o cessazione.,2
Biblioteca confluita in IT-VR0210,BIBLIOTECA_CONFLUITA,TRASFORMAZIONE_ORGANIZZATIVA,False,IT-VR0210,Confluenza/assorbimento organizzativo; non assimilata automaticamente a chiusura o cessazione.,2
Biblioteca confluita in IT-VR0211,BIBLIOTECA_CONFLUITA,TRASFORMAZIONE_ORGANIZZATIVA,False,IT-VR0211,Confluenza/assorbimento organizzativo; non assimilata automaticamente a chiusura o cessazione.,1
Biblioteca confluita in IT-VR0212,BIBLIOTECA_CONFLUITA,TRASFORMAZIONE_ORGANIZZATIVA,False,IT-VR0212,Confluenza/assorbimento organizzativo; non assimilata automaticamente a chiusura o cessazione.,1
Biblioteca confluita in IT-VR0230,BIBLIOTECA_CONFLUITA,TRASFORMAZIONE_ORGANIZZATIVA,False,IT-VR0230,Confluenza/assorbimento organizzativo; non assimilata automaticamente a chiusura o cessazione.,3
Biblioteca confluita in IT-VR0231,BIBLIOTECA_CONFLUITA,TRASFORMAZIONE_ORGANIZZATIVA,False,IT-VR0231,Confluenza/assorbimento organizzativo; non assimilata automaticamente a chiusura o cessazione.,1
Biblioteca confluita in IT-VR0232,BIBLIOTECA_CONFLUITA,TRASFORMAZIONE_ORGANIZZATIVA,False,IT-VR0232,Confluenza/assorbimento organizzativo; non assimilata automaticamente a chiusura o cessazione.,3
Biblioteca confluita in IT-VR0233,BIBLIOTECA_CONFLUITA,TRASFORMAZIONE_ORGANIZZATIVA,False,IT-VR0233,Confluenza/assorbimento organizzativo; non assimilata automaticamente a chiusura o cessazione.,1
Biblioteca confluita in IT-VT0051,BIBLIOTECA_CONFLUITA,TRASFORMAZIONE_ORGANIZZATIVA,False,IT-VT0051,Confluenza/assorbimento organizzativo; non assimilata automaticamente a chiusura o cessazione.,1
Biblioteca confluita in IT-VT0125,BIBLIOTECA_CONFLUITA,TRASFORMAZIONE_ORGANIZZATIVA,False,IT-VT0125,Confluenza/assorbimento organizzativo; non assimilata automaticamente a chiusura o cessazione.,4
Biblioteca confluita in IT-VT0214,BIBLIOTECA_CONFLUITA,TRASFORMAZIONE_ORGANIZZATIVA,False,IT-VT0214,Confluenza/assorbimento organizzativo; non assimilata automaticamente a chiusura o cessazione.,4
Biblioteca in via di allestimento,BIBLIOTECA_IN_VIA_DI_ALLESTIMENTO,AVVIO,False,,Biblioteca registrata ma non ancora in attività ordinaria; categoria distinta dalle chiusure.,34
Biblioteca non censita,BIBLIOTECA_NON_CENSITA,INCOMPLETEZZA_STATO_ANAGRAFICO,False,,ICCU indica insufficienza informativa oltre nome/indirizzo; non è evidenza di chiusura.,1723
Biblioteca non più esistente,BIBLIOTECA_NON_PIU_ESISTENTE,CESSAZIONE,True,,ICCU documenta la cessazione dell'istituzione/servizi/posseduto senza confluenza del patrimonio.,1827
Deposito librario senza punto di servizio,DEPOSITO_SENZA_PUNTO_DI_SERVIZIO,ASSENZA_PUNTO_DI_SERVIZIO,True,,Struttura senza servizi al pubblico; inclusa nel perimetro principale come assenza di punto di servizio.,33
Inagibile,INAGIBILE,INTERRUZIONE_DEL_SERVIZIO,True,,Stato ICCU di inagibilità; servizi non pienamente fruibili.,4
Riapertura con agibilità parziale,RIAPERTURA_AGIBILITA_PARZIALE,OPERATIVITA_PARZIALE,True,,ICCU specifica che i servizi all'utenza sono solo parzialmente accessibili.,2
Servizi sospesi causa sisma ,SERVIZI_SOSPESI_CAUSA_SISMA,INTERRUZIONE_DEL_SERVIZIO,True,,Sospensione esplicita dei servizi a seguito di sisma.,12
Temporaneamente chiusa,TEMPORANEAMENTE_CHIUSA,INTERRUZIONE_DEL_SERVIZIO,True,,Stato ICCU che segnala una chiusura temporanea.,619
