component_id,nodes,edges,max_in_degree
1,40,39,39
2,35,34,34
3,34,33,33
4,34,33,33
5,33,32,32
6,31,30,30
7,29,28,28
8,26,25,25
9,23,22,15
10,21,20,20
11,21,20,20
12,17,16,16
13,16,15,15
14,15,14,14
15,14,13,13
16,14,13,13
17,14,13,13
18,13,12,12
19,13,12,12
20,13,12,12
21,13,12,12
22,12,11,11
23,12,11,11
24,12,11,11
25,12,11,11
26,12,11,11
27,12,11,11
28,12,11,11
29,12,11,11
30,11,10,10
31,11,10,8
32,11,10,10
33,11,10,10
34,11,10,10
35,11,10,8
36,11,10,6
37,10,9,9
38,10,9,9
39,10,9,9
40,9,8,7
41,9,8,6
42,9,8,6
43,9,8,8
44,9,8,8
45,9,8,8
46,9,8,8
47,8,7,6
48,8,7,7
49,8,7,4
50,8,7,7
51,8,7,6
52,8,7,7
53,7,6,6
54,7,6,6
55,7,6,6
56,7,6,6
57,7,6,6
58,7,6,6
59,7,6,6
60,7,6,6
61,7,6,6
62,7,6,6
63,7,6,6
64,7,6,6
65,7,6,6
66,7,6,6
67,7,6,6
68,7,6,6
69,7,6,6
70,7,6,3
71,6,5,5
72,6,5,5
73,6,5,5
74,6,5,5
75,6,5,4
76,6,5,5
77,6,5,5
78,6,5,5
79,6,5,5
80,6,5,5
81,5,4,4
82,5,4,4
83,5,4,4
84,5,4,4
85,5,4,4
86,5,4,3
87,5,4,4
88,5,4,4
89,5,4,4
90,5,4,4
91,5,4,4
92,5,4,4
93,5,4,4
94,5,4,4
95,5,4,3
96,5,4,4
97,5,4,4
98,5,4,4
99,5,4,4
100,4,3,3
101,4,3,3
102,4,3,3
103,4,3,3
104,4,3,3
105,4,3,3
106,4,3,3
107,4,3,2
108,4,3,3
109,4,3,3
110,4,3,3
111,4,3,3
112,4,3,3
113,4,3,3
114,4,3,3
115,4,3,3
116,4,3,3
117,4,3,2
118,4,3,3
119,4,3,3
120,4,3,3
121,4,3,2
122,4,3,3
123,4,3,3
124,4,3,3
125,4,3,3
126,4,3,3
127,4,3,3
128,4,3,3
129,4,3,2
130,4,3,3
131,4,3,2
132,4,3,3
133,4,3,3
134,3,2,2
135,3,2,2
136,3,2,2
137,3,2,2
138,3,2,2
139,3,2,2
140,3,2,2
141,3,2,2
142,3,2,2
143,3,2,2
144,3,2,2
145,3,2,2
146,3,2,2
147,3,2,2
148,3,2,2
149,3,2,2
150,3,2,2
151,3,2,2
152,3,2,2
153,3,2,2
154,3,2,2
155,3,2,2
156,3,2,2
157,3,2,2
158,3,2,2
159,3,2,1
160,3,2,2
161,3,2,2
162,3,2,2
163,3,2,2
164,3,2,2
165,3,2,2
166,3,2,2
167,3,2,2
168,3,2,2
169,3,2,2
170,3,2,1
171,3,2,2
172,3,2,2
173,3,2,1
174,3,2,2
175,3,2,2
176,3,2,2
177,3,2,2
178,3,2,2
179,3,2,2
180,3,2,2
181,3,2,2
182,3,2,2
183,3,2,2
184,3,2,2
185,3,2,2
186,3,2,2
187,3,2,2
188,3,2,2
189,3,2,2
190,3,2,2
191,3,2,2
192,3,2,2
193,3,2,2
194,3,2,2
195,3,2,1
196,3,2,2
197,3,2,2
198,3,2,2
199,3,2,2
200,3,2,2
201,3,2,1
202,2,1,1
203,2,1,1
204,2,1,1
205,2,1,1
206,2,1,1
207,2,1,1
208,2,1,1
209,2,1,1
210,2,1,1
211,2,1,1
212,2,1,1
213,2,1,1
214,2,1,1
215,2,1,1
216,2,1,1
217,2,1,1
218,2,1,1
219,2,1,1
220,2,1,1
221,2,1,1
222,2,1,1
223,2,1,1
224,2,1,1
225,2,1,1
226,2,1,1
227,2,1,1
228,2,1,1
229,2,1,1
230,2,1,1
231,2,1,1
232,2,1,1
233,2,1,1
234,2,1,1
235,2,1,1
236,2,1,1
237,2,1,1
238,2,1,1
239,2,1,1
240,2,1,1
241,2,1,1
242,2,1,1
243,2,1,1
244,2,1,1
245,2,1,1
246,2,1,1
247,2,1,1
248,2,1,1
249,2,1,1
250,2,1,1
251,2,1,1
252,2,1,1
253,2,1,1
254,2,1,1
255,2,1,1
256,2,1,1
257,2,1,1
258,2,1,1
259,2,1,1
260,2,1,1
261,2,1,1
262,2,1,1
263,2,1,1
264,2,1,1
265,2,1,1
266,2,1,1
267,2,1,1
268,2,1,1
269,2,1,1
270,2,1,1
271,2,1,1
272,2,1,1
273,2,1,1
274,2,1,1
275,2,1,1
276,2,1,1
277,2,1,1
278,2,1,1
279,2,1,1
280,2,1,1
281,2,1,1
282,2,1,1
283,2,1,1
284,2,1,1
285,2,1,1
286,2,1,1
287,2,1,1
288,2,1,1
289,2,1,1
290,2,1,1
291,2,1,1
292,2,1,1
293,2,1,1
294,2,1,1
295,2,1,1
296,2,1,1
297,2,1,1
298,2,1,1
299,2,1,1
300,2,1,1
301,2,1,1
302,2,1,1
303,2,1,1
304,2,1,1
305,2,1,1
306,2,1,1
307,2,1,1
308,2,1,1
309,2,1,1
310,2,1,1
311,2,1,1
312,2,1,1
313,2,1,1
314,2,1,1
315,2,1,1
316,2,1,1
317,2,1,1
318,2,1,1
319,2,1,1
320,2,1,1
321,2,1,1
322,2,1,1
323,2,1,1
324,2,1,1
325,2,1,1
326,2,1,1
327,2,1,1
328,2,1,1
329,2,1,1
330,2,1,1
331,2,1,1
332,2,1,1
333,2,1,1
334,2,1,1
335,2,1,1
336,2,1,1
337,2,1,1
338,2,1,1
339,2,1,1
340,2,1,1
341,2,1,1
342,2,1,1
343,2,1,1
344,2,1,1
345,2,1,1
346,2,1,1
347,2,1,1
348,2,1,1
349,2,1,1
350,2,1,1
351,2,1,1
352,2,1,1
353,2,1,1
354,2,1,1
355,2,1,1
356,2,1,1
357,2,1,1
358,2,1,1
359,2,1,1
360,2,1,1
361,2,1,1
362,2,1,1
363,2,1,1
364,2,1,1
365,2,1,1
366,2,1,1
367,2,1,1
368,2,1,1
369,2,1,1
370,2,1,1
371,2,1,1
372,2,1,1
373,2,1,1
374,2,1,1
375,2,1,1
376,2,1,1
377,2,1,1
378,2,1,1
379,2,1,1
380,2,1,1
381,2,1,1
382,2,1,1
383,2,1,1
384,2,1,1
385,2,1,1
386,2,1,1
387,2,1,1
388,2,1,1
389,2,1,1
390,2,1,1
391,2,1,1
392,2,1,1
393,2,1,1
394,2,1,1
395,2,1,1
396,2,1,1
397,2,1,1
398,2,1,1
399,2,1,1
400,2,1,1
401,2,1,1
402,2,1,1
403,2,1,1
404,2,1,1
405,2,1,1
406,2,1,1
407,2,1,1
408,2,1,1
409,2,1,1
410,1,1,1
