istat_code,municipality_name,province,region,population_2025,total_libraries,main_problematic_libraries,problematic_share,problematic_libraries_per_100k
15146,Milano,Milano,LOMBARDIA,1365698,624.0,139.0,0.2227564102564102,10.177945636590229
58091,Roma,Roma,LAZIO,2747290,1165.0,117.0,0.1004291845493562,4.25874225145507
10025,Genova,Genova,LIGURIA,564080,307.0,90.0,0.2931596091205212,15.955183661891931
63049,Napoli,Napoli,CAMPANIA,909013,461.0,78.0,0.1691973969631236,8.580735369021125
1272,Torino,Torino,PIEMONTE,853196,369.0,63.0,0.1707317073170731,7.384000862638831
50026,Pisa,Pisa,TOSCANA,89422,166.0,61.0,0.3674698795180723,68.21587528796046
37006,Bologna,Bologna,EMILIA-ROMAGNA,390151,329.0,59.0,0.1793313069908814,15.12235006446222
18110,Pavia,Pavia,LOMBARDIA,71610,168.0,49.0,0.2916666666666667,68.42619745845552
82053,Palermo,Palermo,SICILIA,628693,278.0,39.0,0.1402877697841726,6.203345671098612
54039,Perugia,Perugia,UMBRIA,162050,193.0,35.0,0.1813471502590673,21.598272138228943
48017,Firenze,Firenze,TOSCANA,361705,358.0,33.0,0.0921787709497206,9.123456960782958
32006,Trieste,Trieste,FRIULI-VENEZIA GIULIA,198388,204.0,26.0,0.1274509803921568,13.1056313889953
92009,Cagliari,Cagliari,SARDEGNA,146692,156.0,23.0,0.1474358974358974,15.679109971913942
28060,Padova,Padova,VENETO,207412,191.0,22.0,0.1151832460732984,10.60690798989451
36023,Modena,Modena,EMILIA-ROMAGNA,184074,97.0,20.0,0.2061855670103092,10.865195519193367
42002,Ancona,Ancona,MARCHE,99533,58.0,18.0,0.3103448275862069,18.08445440205761
34027,Parma,Parma,EMILIA-ROMAGNA,198693,147.0,18.0,0.1224489795918367,9.05920188431399
16024,Bergamo,Bergamo,LOMBARDIA,120389,77.0,17.0,0.2207792207792207,14.120891443570423
27042,Venezia,Venezia,VENETO,249490,183.0,17.0,0.0928961748633879,6.813900356727724
49009,Livorno,Livorno,TOSCANA,153154,68.0,16.0,0.2352941176470588,10.447001057758856
38008,Ferrara,Ferrara,EMILIA-ROMAGNA,129081,129.0,14.0,0.1085271317829457,10.8459029601568
87015,Catania,Catania,SICILIA,298054,145.0,14.0,0.096551724137931,4.697135418414113
78102,Rende,Cosenza,CALABRIA,36781,53.0,13.0,0.2452830188679245,35.34433539055491
30129,Udine,Udine,FRIULI-VENEZIA GIULIA,98279,71.0,13.0,0.1830985915492957,13.227647818964376
63059,Portici,Napoli,CAMPANIA,51429,22.0,12.0,0.5454545454545454,23.333138890509247
11015,La Spezia,La Spezia,LIGURIA,92706,34.0,12.0,0.3529411764705882,12.944146009966992
83048,Messina,Messina,SICILIA,217033,154.0,11.0,0.0714285714285714,5.0683536605032415
81021,Trapani,Trapani,SICILIA,54949,22.0,10.0,0.4545454545454545,18.198693333818632
35033,Reggio nell'Emilia,Reggio nell'Emilia,EMILIA-ROMAGNA,172284,41.0,10.0,0.2439024390243902,5.804369529381718
39014,Ravenna,Ravenna,EMILIA-ROMAGNA,156340,74.0,10.0,0.1351351351351351,6.396315722144045
72006,Bari,Bari,PUGLIA,315831,202.0,10.0,0.0495049504950495,3.166250304751592
8055,Sanremo,Imperia,LIGURIA,53059,16.0,9.0,0.5625,16.962249571232025
12133,Varese,Varese,LOMBARDIA,78992,27.0,9.0,0.3333333333333333,11.39355884140166
64008,Avellino,Avellino,CAMPANIA,51975,30.0,9.0,0.3,17.316017316017316
17074,Gardone Riviera,Brescia,LOMBARDIA,2593,10.0,8.0,0.8,308.52294639413805
55032,Terni,Terni,UMBRIA,106310,24.0,8.0,0.3333333333333333,7.52516226131126
31007,Gorizia,Gorizia,FRIULI-VENEZIA GIULIA,33620,25.0,8.0,0.32,23.79535990481856
9056,Savona,Savona,LIGURIA,58581,33.0,8.0,0.2424242424242424,13.656304945289428
33032,Piacenza,Piacenza,EMILIA-ROMAGNA,103406,34.0,8.0,0.2352941176470588,7.736494980948882
13075,Como,Como,LOMBARDIA,83135,35.0,8.0,0.2285714285714285,9.622902507968966
24116,Vicenza,Vicenza,VENETO,110468,37.0,8.0,0.2162162162162162,7.241916211029438
22205,Trento,Trento,TRENTINO-ALTO ADIGE/SÜDTIROL,118640,72.0,8.0,0.1111111111111111,6.743088334457181
41044,Pesaro,Pesaro e Urbino,MARCHE,95266,37.0,7.0,0.1891891891891892,7.347847080805325
87004,Acireale,Catania,SICILIA,50611,17.0,6.0,0.3529411764705882,11.85513030764063
15209,Sesto San Giovanni,Milano,LOMBARDIA,78792,19.0,6.0,0.3157894736842105,7.614986293024673
39010,Faenza,Ravenna,EMILIA-ROMAGNA,58732,30.0,6.0,0.2,10.215895934073416
80063,Reggio di Calabria,Reggio di Calabria,CALABRIA,168779,37.0,6.0,0.1621621621621621,3.5549446317373605
78045,Cosenza,Cosenza,CALABRIA,63240,49.0,6.0,0.1224489795918367,9.487666034155598
44007,Ascoli Piceno,Ascoli Piceno,MARCHE,45277,17.0,5.0,0.2941176470588235,11.043134483291738
99014,Rimini,Rimini,EMILIA-ROMAGNA,150333,19.0,5.0,0.2631578947368421,3.3259497249439574
51002,Arezzo,Arezzo,TOSCANA,96479,20.0,5.0,0.25,5.182474942733652
54001,Assisi,Perugia,UMBRIA,27468,22.0,5.0,0.2272727272727272,18.202999854376003
100005,Prato,Prato,TOSCANA,197057,38.0,5.0,0.131578947368421,2.537336912669938
43023,Macerata,Macerata,MARCHE,40585,62.0,5.0,0.0806451612903225,12.31982259455464
17029,Brescia,Brescia,LOMBARDIA,199853,82.0,5.0,0.0609756097560975,2.5018388515558936
23091,Verona,Verona,VENETO,255039,91.0,5.0,0.0549450549450549,1.9604844749234431
65013,Baronissi,Salerno,CAMPANIA,16838,7.0,4.0,0.5714285714285714,23.75579047392802
88009,Ragusa,Ragusa,SICILIA,73878,15.0,4.0,0.2666666666666666,5.414331736105472
70006,Campobasso,Campobasso,MOLISE,47547,20.0,4.0,0.2,8.412728458157192
6003,Alessandria,Alessandria,PIEMONTE,92522,28.0,4.0,0.1428571428571428,4.323296080932103
65052,Fisciano,Salerno,CAMPANIA,14113,28.0,4.0,0.1428571428571428,28.34266279316942
19036,Cremona,Cremona,LOMBARDIA,70922,30.0,4.0,0.1333333333333333,5.639998872000225
68028,Pescara,Pescara,ABRUZZO,118313,34.0,4.0,0.1176470588235294,3.3808626270993045
61022,Caserta,Caserta,CAMPANIA,72793,37.0,4.0,0.1081081081081081,5.4950338631461815
89017,Siracusa,Siracusa,SICILIA,115776,42.0,4.0,0.0952380952380952,3.454947484798231
66084,Roccaraso,L'Aquila,ABRUZZO,1492,3.0,3.0,1.0,201.07238605898124
111034,Guspini,Sud Sardegna,SARDEGNA,10709,4.0,3.0,0.75,28.01382015127463
76053,Muro Lucano,Potenza,BASILICATA,4847,4.0,3.0,0.75,61.893955023726015
21106,Valdaora/Olang,Bolzano/Bozen,TRENTINO-ALTO ADIGE/SÜDTIROL,3262,4.0,3.0,0.75,91.96811771919069
99024,Pennabilli,Rimini,EMILIA-ROMAGNA,2692,5.0,3.0,0.6,111.4413075780089
74007,Fasano,Brindisi,PUGLIA,38863,6.0,3.0,0.5,7.719424645549752
108050,Vimercate,Monza e della Brianza,LOMBARDIA,26140,7.0,3.0,0.4285714285714285,11.476664116296863
8031,Imperia,Imperia,LIGURIA,42580,8.0,3.0,0.375,7.045561296383278
69058,Ortona,Chieti,ABRUZZO,21984,9.0,3.0,0.3333333333333333,13.646288209606986
97042,Lecco,Lecco,LOMBARDIA,47233,10.0,3.0,0.3,6.35149154193043
6039,Casale Monferrato,Alessandria,PIEMONTE,32428,11.0,3.0,0.2727272727272727,9.251264339459729
91051,Nuoro,Nuoro,SARDEGNA,33054,11.0,3.0,0.2727272727272727,9.07605736068252
15205,Segrate,Milano,LOMBARDIA,37078,12.0,3.0,0.25,8.091051297265226
57059,Rieti,Rieti,LAZIO,45083,14.0,3.0,0.2142857142857142,6.65439300845108
14061,Sondrio,Sondrio,LOMBARDIA,21331,14.0,3.0,0.2142857142857142,14.064038254184052
90003,Alghero,Sassari,SARDEGNA,41989,16.0,3.0,0.1875,7.144728381242706
22161,Rovereto,Trento,TRENTINO-ALTO ADIGE/SÜDTIROL,40263,16.0,3.0,0.1875,7.4510096118024
7003,Aosta,Valle d'Aosta/Vallée d'Aoste,VALLE D'AOSTA/VALLÉE D'AOSTE,33096,18.0,3.0,0.1666666666666666,9.064539521392314
67041,Teramo,Teramo,ABRUZZO,51600,19.0,3.0,0.1578947368421052,5.813953488372094
43007,Camerino,Macerata,MARCHE,5984,25.0,3.0,0.12,50.1336898395722
25006,Belluno,Belluno,VENETO,35543,27.0,3.0,0.1111111111111111,8.440480544692345
47014,Pistoia,Pistoia,TOSCANA,88889,27.0,3.0,0.1111111111111111,3.374995781255273
62008,Benevento,Benevento,CAMPANIA,55712,29.0,3.0,0.1034482758620689,5.384836300976451
3106,Novara,Novara,PIEMONTE,102231,32.0,3.0,0.09375,2.934530621827039
40007,Cesena,Forlì-Cesena,EMILIA-ROMAGNA,95730,33.0,3.0,0.0909090909090909,3.133813851457224
20030,Mantova,Mantova,LOMBARDIA,49607,34.0,3.0,0.088235294117647,6.047533614207673
56059,Viterbo,Viterbo,LAZIO,66393,34.0,3.0,0.088235294117647,4.518548642176133
46017,Lucca,Lucca,TOSCANA,89002,39.0,3.0,0.0769230769230769,3.3707107705444823
52032,Siena,Siena,TOSCANA,52990,42.0,3.0,0.0714285714285714,5.661445555765239
90064,Sassari,Sassari,SARDEGNA,120510,127.0,3.0,0.0236220472440944,2.4894199651481204
37015,Castel di Casio,Bologna,EMILIA-ROMAGNA,3361,2.0,2.0,1.0,59.506099375185954
66036,Civitella Roveto,L'Aquila,ABRUZZO,3026,2.0,2.0,1.0,66.09385327164573
94029,Montenero Val Cocchiara,Isernia,MOLISE,458,2.0,2.0,1.0,436.6812227074236
55024,Otricoli,Terni,UMBRIA,1697,2.0,2.0,1.0,117.85503830288744
57051,Poggio Bustone,Rieti,LAZIO,1971,2.0,2.0,1.0,101.47133434804668
