region,province,province_istat_code,total_libraries,problematic,problematic_share
MOLISE,Isernia,94,67.0,35.0,0.5223880597014925
LIGURIA,Imperia,8,67.0,28.0,0.417910447761194
LIGURIA,La Spezia,11,87.0,34.0,0.39080459770114945
MOLISE,Campobasso,70,116.0,45.0,0.3879310344827586
LIGURIA,Savona,9,126.0,40.0,0.31746031746031744
LIGURIA,Genova,10,377.0,107.0,0.2838196286472148
TOSCANA,Pisa,50,242.0,62.0,0.256198347107438
EMILIA-ROMAGNA,Rimini,99,61.0,15.0,0.2459016393442623
ABRUZZO,L'Aquila,66,157.0,37.0,0.2356687898089172
LOMBARDIA,Pavia,18,321.0,74.0,0.23052959501557632
ABRUZZO,Chieti,69,132.0,30.0,0.22727272727272727
ABRUZZO,Teramo,67,63.0,14.0,0.2222222222222222
SICILIA,Ragusa,88,33.0,7.0,0.21212121212121213
UMBRIA,Terni,55,76.0,16.0,0.21052631578947367
LOMBARDIA,Milano,15,863.0,162.0,0.18771726535341832
SICILIA,Trapani,81,80.0,15.0,0.1875
PIEMONTE,Verbano-Cusio-Ossola,103,32.0,6.0,0.1875
TOSCANA,Livorno,49,97.0,18.0,0.18556701030927836
TOSCANA,Arezzo,51,87.0,16.0,0.1839080459770115
MARCHE,Ancona,42,167.0,30.0,0.17964071856287425
ABRUZZO,Pescara,68,67.0,12.0,0.1791044776119403
EMILIA-ROMAGNA,Piacenza,33,79.0,14.0,0.17721518987341772
EMILIA-ROMAGNA,Modena,36,172.0,30.0,0.1744186046511628
UMBRIA,Perugia,54,331.0,57.0,0.17220543806646527
CALABRIA,Cosenza,78,310.0,52.0,0.16774193548387098
FRIULI-VENEZIA GIULIA,Gorizia,31,54.0,9.0,0.16666666666666666
LAZIO,Rieti,57,67.0,11.0,0.16417910447761194
CAMPANIA,Napoli,63,689.0,113.0,0.16400580551523947
CALABRIA,Vibo Valentia,102,61.0,10.0,0.16393442622950818
EMILIA-ROMAGNA,Bologna,37,442.0,71.0,0.16063348416289594
CALABRIA,Reggio di Calabria,80,125.0,20.0,0.16
SICILIA,Caltanissetta,85,44.0,7.0,0.1590909090909091
BASILICATA,Matera,77,57.0,9.0,0.15789473684210525
EMILIA-ROMAGNA,Ravenna,39,147.0,23.0,0.1564625850340136
TOSCANA,Grosseto,53,52.0,8.0,0.15384615384615385
CAMPANIA,Benevento,62,118.0,18.0,0.15254237288135594
EMILIA-ROMAGNA,Reggio nell'Emilia,35,94.0,14.0,0.14893617021276595
CAMPANIA,Avellino,64,189.0,28.0,0.14814814814814814
TOSCANA,Pistoia,47,61.0,9.0,0.14754098360655737
EMILIA-ROMAGNA,Forlì-Cesena,40,107.0,15.0,0.14018691588785046
PUGLIA,Foggia,71,129.0,18.0,0.13953488372093023
SARDEGNA,Cagliari,92,197.0,27.0,0.13705583756345177
MARCHE,Ascoli Piceno,44,59.0,8.0,0.13559322033898305
LOMBARDIA,Cremona,19,150.0,20.0,0.13333333333333333
PIEMONTE,Novara,3,105.0,14.0,0.13333333333333333
PIEMONTE,Vercelli,2,68.0,9.0,0.1323529411764706
PIEMONTE,Alessandria,6,205.0,27.0,0.13170731707317074
VENETO,Belluno,25,117.0,15.0,0.1282051282051282
FRIULI-VENEZIA GIULIA,Trieste,32,211.0,27.0,0.12796208530805686
SICILIA,Catania,87,255.0,32.0,0.12549019607843137
LAZIO,Latina,59,64.0,8.0,0.125
SICILIA,Palermo,82,393.0,49.0,0.12468193384223919
PIEMONTE,Torino,1,713.0,87.0,0.12201963534361851
BASILICATA,Potenza,76,149.0,18.0,0.12080536912751678
PIEMONTE,Asti,5,84.0,10.0,0.11904761904761904
PIEMONTE,Biella,96,84.0,10.0,0.11904761904761904
CAMPANIA,Caserta,61,169.0,20.0,0.11834319526627218
TRENTINO-ALTO ADIGE/SÜDTIROL,Trento,22,228.0,26.0,0.11403508771929824
LAZIO,Frosinone,60,143.0,16.0,0.11188811188811189
MARCHE,Pesaro e Urbino,41,171.0,19.0,0.1111111111111111
EMILIA-ROMAGNA,Parma,34,200.0,22.0,0.11
TOSCANA,Prato,100,46.0,5.0,0.10869565217391304
VENETO,Padova,28,318.0,34.0,0.1069182389937107
LOMBARDIA,Monza e della Brianza,108,96.0,10.0,0.10416666666666667
VALLE D'AOSTA/VALLÉE D'AOSTE,Valle d'Aosta/Vallée d'Aoste,7,77.0,8.0,0.1038961038961039
EMILIA-ROMAGNA,Ferrara,38,166.0,17.0,0.10240963855421686
VENETO,Vicenza,24,176.0,18.0,0.10227272727272728
TOSCANA,Massa-Carrara,45,49.0,5.0,0.10204081632653061
LOMBARDIA,Como,13,170.0,17.0,0.1
LAZIO,Roma,58,1383.0,138.0,0.09978308026030369
PUGLIA,Brindisi,74,71.0,7.0,0.09859154929577464
SICILIA,Messina,83,285.0,28.0,0.09824561403508772
CAMPANIA,Salerno,65,307.0,30.0,0.09771986970684039
LOMBARDIA,Varese,12,174.0,17.0,0.09770114942528736
TOSCANA,Firenze,48,477.0,45.0,0.09433962264150944
PUGLIA,Taranto,73,86.0,8.0,0.09302325581395349
SICILIA,Siracusa,89,87.0,8.0,0.09195402298850575
MARCHE,Macerata,43,207.0,19.0,0.09178743961352658
VENETO,Venezia,27,253.0,23.0,0.09090909090909091
LOMBARDIA,Lecco,97,91.0,8.0,0.08791208791208792
TOSCANA,Siena,52,91.0,8.0,0.08791208791208792
SICILIA,Enna,86,46.0,4.0,0.08695652173913043
MARCHE,Fermo,109,58.0,5.0,0.08620689655172414
FRIULI-VENEZIA GIULIA,Udine,30,221.0,19.0,0.08597285067873303
LAZIO,Viterbo,56,109.0,9.0,0.08256880733944955
TOSCANA,Lucca,46,97.0,8.0,0.08247422680412371
VENETO,Rovigo,29,88.0,7.0,0.07954545454545454
CALABRIA,Catanzaro,79,107.0,8.0,0.07476635514018691
SARDEGNA,Sud Sardegna,111,135.0,10.0,0.07407407407407407
PIEMONTE,Cuneo,4,259.0,19.0,0.07335907335907337
SARDEGNA,Sassari,90,263.0,19.0,0.07224334600760456
PUGLIA,Lecce,75,210.0,15.0,0.07142857142857142
SARDEGNA,Oristano,95,113.0,8.0,0.07079646017699115
LOMBARDIA,Bergamo,16,348.0,24.0,0.06896551724137931
LOMBARDIA,Sondrio,14,74.0,5.0,0.06756756756756757
PUGLIA,Bari,72,300.0,18.0,0.06
CALABRIA,Crotone,101,34.0,2.0,0.058823529411764705
LOMBARDIA,Brescia,17,333.0,19.0,0.057057057057057055
LOMBARDIA,Lodi,98,73.0,4.0,0.0547945205479452
SARDEGNA,Nuoro,91,92.0,5.0,0.05434782608695652
LOMBARDIA,Mantova,20,127.0,6.0,0.047244094488188976
VENETO,Treviso,26,166.0,7.0,0.04216867469879518
VENETO,Verona,23,194.0,8.0,0.041237113402061855
FRIULI-VENEZIA GIULIA,Pordenone,93,74.0,3.0,0.04054054054054054
SICILIA,Agrigento,84,84.0,3.0,0.03571428571428571
PUGLIA,Barletta-Andria-Trani,110,42.0,1.0,0.023809523809523808
TRENTINO-ALTO ADIGE/SÜDTIROL,Bolzano/Bozen,21,288.0,5.0,0.017361111111111112
