region,statusCode,libraries
ABRUZZO,NESSUNO_STATO_SPECIALE_REGISTRATO,248
ABRUZZO,BIBLIOTECA_NON_CENSITA,72
ABRUZZO,BIBLIOTECA_NON_PIU_ESISTENTE,57
ABRUZZO,TEMPORANEAMENTE_CHIUSA,32
ABRUZZO,ALTRO_ISTITUTO_COLLEGATO_ICCU,22
ABRUZZO,BIBLIOTECA_CONFLUITA,6
ABRUZZO,SERVIZI_SOSPESI_CAUSA_SISMA,2
ABRUZZO,INAGIBILE,1
ABRUZZO,RIAPERTURA_AGIBILITA_PARZIALE,1
BASILICATA,NESSUNO_STATO_SPECIALE_REGISTRATO,165
BASILICATA,BIBLIOTECA_NON_PIU_ESISTENTE,17
BASILICATA,BIBLIOTECA_NON_CENSITA,14
BASILICATA,TEMPORANEAMENTE_CHIUSA,10
BASILICATA,ALTRO_ISTITUTO_COLLEGATO_ICCU,5
CALABRIA,NESSUNO_STATO_SPECIALE_REGISTRATO,465
CALABRIA,BIBLIOTECA_NON_CENSITA,66
CALABRIA,BIBLIOTECA_NON_PIU_ESISTENTE,55
CALABRIA,TEMPORANEAMENTE_CHIUSA,37
CALABRIA,BIBLIOTECA_CONFLUITA,13
CALABRIA,ALTRO_ISTITUTO_COLLEGATO_ICCU,1
CALABRIA,BIBLIOTECA_IN_VIA_DI_ALLESTIMENTO,1
CAMPANIA,NESSUNO_STATO_SPECIALE_REGISTRATO,1010
CAMPANIA,BIBLIOTECA_NON_CENSITA,159
CAMPANIA,BIBLIOTECA_NON_PIU_ESISTENTE,147
CAMPANIA,BIBLIOTECA_CONFLUITA,92
CAMPANIA,TEMPORANEAMENTE_CHIUSA,55
CAMPANIA,DEPOSITO_SENZA_PUNTO_DI_SERVIZIO,5
CAMPANIA,ALTRO_ISTITUTO_COLLEGATO_ICCU,4
CAMPANIA,BIBLIOTECA_IN_VIA_DI_ALLESTIMENTO,2
CAMPANIA,RIAPERTURA_AGIBILITA_PARZIALE,1
CAMPANIA,SERVIZI_SOSPESI_CAUSA_SISMA,1
EMILIA-ROMAGNA,NESSUNO_STATO_SPECIALE_REGISTRATO,998
EMILIA-ROMAGNA,BIBLIOTECA_CONFLUITA,210
EMILIA-ROMAGNA,BIBLIOTECA_NON_PIU_ESISTENTE,174
EMILIA-ROMAGNA,ALTRO_ISTITUTO_COLLEGATO_ICCU,56
EMILIA-ROMAGNA,TEMPORANEAMENTE_CHIUSA,41
EMILIA-ROMAGNA,BIBLIOTECA_NON_CENSITA,38
EMILIA-ROMAGNA,DEPOSITO_SENZA_PUNTO_DI_SERVIZIO,5
EMILIA-ROMAGNA,BIBLIOTECA_IN_VIA_DI_ALLESTIMENTO,1
EMILIA-ROMAGNA,SERVIZI_SOSPESI_CAUSA_SISMA,1
FRIULI-VENEZIA GIULIA,NESSUNO_STATO_SPECIALE_REGISTRATO,410
FRIULI-VENEZIA GIULIA,BIBLIOTECA_CONFLUITA,60
FRIULI-VENEZIA GIULIA,BIBLIOTECA_NON_PIU_ESISTENTE,50
FRIULI-VENEZIA GIULIA,BIBLIOTECA_NON_CENSITA,32
FRIULI-VENEZIA GIULIA,ALTRO_ISTITUTO_COLLEGATO_ICCU,16
FRIULI-VENEZIA GIULIA,TEMPORANEAMENTE_CHIUSA,6
FRIULI-VENEZIA GIULIA,DEPOSITO_SENZA_PUNTO_DI_SERVIZIO,2
LAZIO,NESSUNO_STATO_SPECIALE_REGISTRATO,1196
LAZIO,BIBLIOTECA_NON_CENSITA,265
LAZIO,BIBLIOTECA_NON_PIU_ESISTENTE,130
LAZIO,BIBLIOTECA_CONFLUITA,120
LAZIO,TEMPORANEAMENTE_CHIUSA,44
LAZIO,ALTRO_ISTITUTO_COLLEGATO_ICCU,38
LAZIO,DEPOSITO_SENZA_PUNTO_DI_SERVIZIO,7
LAZIO,BIBLIOTECA_IN_VIA_DI_ALLESTIMENTO,3
LAZIO,SERVIZI_SOSPESI_CAUSA_SISMA,1
LIGURIA,NESSUNO_STATO_SPECIALE_REGISTRATO,348
LIGURIA,BIBLIOTECA_NON_PIU_ESISTENTE,149
LIGURIA,BIBLIOTECA_CONFLUITA,94
LIGURIA,TEMPORANEAMENTE_CHIUSA,55
LIGURIA,ALTRO_ISTITUTO_COLLEGATO_ICCU,22
LIGURIA,BIBLIOTECA_NON_CENSITA,6
LIGURIA,DEPOSITO_SENZA_PUNTO_DI_SERVIZIO,5
LOMBARDIA,NESSUNO_STATO_SPECIALE_REGISTRATO,2052
LOMBARDIA,BIBLIOTECA_NON_PIU_ESISTENTE,318
LOMBARDIA,BIBLIOTECA_NON_CENSITA,263
LOMBARDIA,BIBLIOTECA_CONFLUITA,138
LOMBARDIA,ALTRO_ISTITUTO_COLLEGATO_ICCU,130
LOMBARDIA,TEMPORANEAMENTE_CHIUSA,47
LOMBARDIA,BIBLIOTECA_IN_VIA_DI_ALLESTIMENTO,1
LOMBARDIA,DEPOSITO_SENZA_PUNTO_DI_SERVIZIO,1
MARCHE,NESSUNO_STATO_SPECIALE_REGISTRATO,428
MARCHE,ALTRO_ISTITUTO_COLLEGATO_ICCU,111
MARCHE,BIBLIOTECA_NON_CENSITA,90
MARCHE,BIBLIOTECA_NON_PIU_ESISTENTE,63
MARCHE,BIBLIOTECA_CONFLUITA,62
MARCHE,TEMPORANEAMENTE_CHIUSA,14
MARCHE,SERVIZI_SOSPESI_CAUSA_SISMA,4
MARCHE,BIBLIOTECA_IN_VIA_DI_ALLESTIMENTO,1
MOLISE,NESSUNO_STATO_SPECIALE_REGISTRATO,82
MOLISE,BIBLIOTECA_NON_PIU_ESISTENTE,43
MOLISE,TEMPORANEAMENTE_CHIUSA,36
MOLISE,BIBLIOTECA_NON_CENSITA,19
MOLISE,ALTRO_ISTITUTO_COLLEGATO_ICCU,3
MOLISE,BIBLIOTECA_CONFLUITA,1
MOLISE,BIBLIOTECA_IN_VIA_DI_ALLESTIMENTO,1
MOLISE,SERVIZI_SOSPESI_CAUSA_SISMA,1
PIEMONTE,NESSUNO_STATO_SPECIALE_REGISTRATO,1155
PIEMONTE,BIBLIOTECA_NON_CENSITA,164
PIEMONTE,BIBLIOTECA_NON_PIU_ESISTENTE,117
PIEMONTE,TEMPORANEAMENTE_CHIUSA,62
PIEMONTE,ALTRO_ISTITUTO_COLLEGATO_ICCU,54
PIEMONTE,BIBLIOTECA_CONFLUITA,45
PIEMONTE,BIBLIOTECA_IN_VIA_DI_ALLESTIMENTO,4
PIEMONTE,DEPOSITO_SENZA_PUNTO_DI_SERVIZIO,2
PIEMONTE,INAGIBILE,1
PUGLIA,NESSUNO_STATO_SPECIALE_REGISTRATO,633
PUGLIA,BIBLIOTECA_NON_CENSITA,118
PUGLIA,BIBLIOTECA_NON_PIU_ESISTENTE,40
PUGLIA,TEMPORANEAMENTE_CHIUSA,27
PUGLIA,ALTRO_ISTITUTO_COLLEGATO_ICCU,19
PUGLIA,BIBLIOTECA_CONFLUITA,19
PUGLIA,BIBLIOTECA_IN_VIA_DI_ALLESTIMENTO,1
SARDEGNA,NESSUNO_STATO_SPECIALE_REGISTRATO,576
SARDEGNA,BIBLIOTECA_CONFLUITA,144
SARDEGNA,BIBLIOTECA_NON_PIU_ESISTENTE,47
SARDEGNA,ALTRO_ISTITUTO_COLLEGATO_ICCU,26
SARDEGNA,TEMPORANEAMENTE_CHIUSA,19
SARDEGNA,BIBLIOTECA_NON_CENSITA,11
SARDEGNA,DEPOSITO_SENZA_PUNTO_DI_SERVIZIO,2
SARDEGNA,INAGIBILE,1
SICILIA,NESSUNO_STATO_SPECIALE_REGISTRATO,845
SICILIA,BIBLIOTECA_CONFLUITA,197
SICILIA,BIBLIOTECA_NON_CENSITA,108
SICILIA,BIBLIOTECA_NON_PIU_ESISTENTE,107
SICILIA,TEMPORANEAMENTE_CHIUSA,42
SICILIA,ALTRO_ISTITUTO_COLLEGATO_ICCU,11
SICILIA,BIBLIOTECA_IN_VIA_DI_ALLESTIMENTO,4
SICILIA,DEPOSITO_SENZA_PUNTO_DI_SERVIZIO,3
SICILIA,INAGIBILE,1
TOSCANA,NESSUNO_STATO_SPECIALE_REGISTRATO,804
TOSCANA,BIBLIOTECA_NON_PIU_ESISTENTE,153
TOSCANA,BIBLIOTECA_NON_CENSITA,151
TOSCANA,BIBLIOTECA_CONFLUITA,150
TOSCANA,ALTRO_ISTITUTO_COLLEGATO_ICCU,58
TOSCANA,TEMPORANEAMENTE_CHIUSA,29
TOSCANA,BIBLIOTECA_IN_VIA_DI_ALLESTIMENTO,10
TOSCANA,DEPOSITO_SENZA_PUNTO_DI_SERVIZIO,1
TOSCANA,SERVIZI_SOSPESI_CAUSA_SISMA,1
TRENTINO-ALTO ADIGE/SÜDTIROL,NESSUNO_STATO_SPECIALE_REGISTRATO,459
TRENTINO-ALTO ADIGE/SÜDTIROL,BIBLIOTECA_NON_PIU_ESISTENTE,21
TRENTINO-ALTO ADIGE/SÜDTIROL,BIBLIOTECA_CONFLUITA,13
TRENTINO-ALTO ADIGE/SÜDTIROL,BIBLIOTECA_NON_CENSITA,13
TRENTINO-ALTO ADIGE/SÜDTIROL,TEMPORANEAMENTE_CHIUSA,10
TRENTINO-ALTO ADIGE/SÜDTIROL,ALTRO_ISTITUTO_COLLEGATO_ICCU,9
UMBRIA,NESSUNO_STATO_SPECIALE_REGISTRATO,252
UMBRIA,BIBLIOTECA_NON_CENSITA,51
UMBRIA,BIBLIOTECA_NON_PIU_ESISTENTE,51
UMBRIA,BIBLIOTECA_CONFLUITA,27
UMBRIA,ALTRO_ISTITUTO_COLLEGATO_ICCU,21
UMBRIA,TEMPORANEAMENTE_CHIUSA,21
UMBRIA,BIBLIOTECA_IN_VIA_DI_ALLESTIMENTO,4
UMBRIA,SERVIZI_SOSPESI_CAUSA_SISMA,1
VALLE D'AOSTA/VALLÉE D'AOSTE,NESSUNO_STATO_SPECIALE_REGISTRATO,69
VALLE D'AOSTA/VALLÉE D'AOSTE,TEMPORANEAMENTE_CHIUSA,5
VALLE D'AOSTA/VALLÉE D'AOSTE,ALTRO_ISTITUTO_COLLEGATO_ICCU,3
VALLE D'AOSTA/VALLÉE D'AOSTE,BIBLIOTECA_NON_PIU_ESISTENTE,3
VENETO,NESSUNO_STATO_SPECIALE_REGISTRATO,1005
VENETO,BIBLIOTECA_CONFLUITA,111
VENETO,BIBLIOTECA_NON_PIU_ESISTENTE,85
VENETO,BIBLIOTECA_NON_CENSITA,83
VENETO,ALTRO_ISTITUTO_COLLEGATO_ICCU,46
VENETO,TEMPORANEAMENTE_CHIUSA,27
VENETO,BIBLIOTECA_IN_VIA_DI_ALLESTIMENTO,1
