region,library,isil,libraryName,municipalityName
LAZIO,https://biblioteche-fantasma.invalid/resource/library/IT-RM1294,IT-RM1294,"Biblioteca del Museo civico ""Mario Antonacci""",Albano Laziale
LAZIO,https://biblioteche-fantasma.invalid/resource/library/IT-RM0004,IT-RM0004,Biblioteca comunale,Anticoli Corrado
LAZIO,https://biblioteche-fantasma.invalid/resource/library/IT-FR0121,IT-FR0121,Biblioteca comunale,Arce
LAZIO,https://biblioteche-fantasma.invalid/resource/library/IT-RM2110,IT-RM2110,Biblioteca della bicicletta Lucos Cozza,Bracciano
LAZIO,https://biblioteche-fantasma.invalid/resource/library/IT-LT0006,IT-LT0006,Biblioteca comunale,Campodimele
LAZIO,https://biblioteche-fantasma.invalid/resource/library/IT-VT0014,IT-VT0014,"Biblioteca comunale ""Alfredo Signoretti""",Capranica
LAZIO,https://biblioteche-fantasma.invalid/resource/library/IT-FR0016,IT-FR0016,Biblioteca comunale,Casalvieri
LAZIO,https://biblioteche-fantasma.invalid/resource/library/IT-RI0028,IT-RI0028,Biblioteca comunale Cherubini,Castelnuovo di Farfa
LAZIO,https://biblioteche-fantasma.invalid/resource/library/IT-VT0020,IT-VT0020,Biblioteca comunale,Celleno
LAZIO,https://biblioteche-fantasma.invalid/resource/library/IT-RM1476,IT-RM1476,Biblioteca - Archivio della Fondazione Adkins Chiti: Donne in musica,Fiuggi
LAZIO,https://biblioteche-fantasma.invalid/resource/library/IT-FR0130,IT-FR0130,"BIBLIOTECA ANTONIO VALENTE DELL'ORDINE DEGLI ARCHITETTI, PIANIFICATORI, PAESAGGISTI E CONSERVATORI D",Frosinone
LAZIO,https://biblioteche-fantasma.invalid/resource/library/IT-RM1506,IT-RM1506,"Biblioteca comunale ""Albio Tibullo""",Gallicano nel Lazio
LAZIO,https://biblioteche-fantasma.invalid/resource/library/IT-RM1385,IT-RM1385,Biblioteca dell'Associazione Proloco di Marino,Marino
LAZIO,https://biblioteche-fantasma.invalid/resource/library/IT-RI0113,IT-RI0113,Biblioteca comunale,Poggio Nativo
LAZIO,https://biblioteche-fantasma.invalid/resource/library/IT-FR0147,IT-FR0147,Biblioteca comunale,Posta Fibreno
LAZIO,https://biblioteche-fantasma.invalid/resource/library/IT-RM1419,IT-RM1419,Archivio centrale del libro,Roma
LAZIO,https://biblioteche-fantasma.invalid/resource/library/IT-RM1627,IT-RM1627,Biblioteca Coop Laurentina,Roma
LAZIO,https://biblioteche-fantasma.invalid/resource/library/IT-RM1312,IT-RM1312,Biblioteca degli Archivi delle arti applicate italiane del XX secolo,Roma
LAZIO,https://biblioteche-fantasma.invalid/resource/library/IT-RM0578,IT-RM0578,Biblioteca del Collegio rabbinico italiano,Roma
LAZIO,https://biblioteche-fantasma.invalid/resource/library/IT-RM1620,IT-RM1620,Biblioteca del Dipartimento di Ingegneria chimica materiali e ambiente - Sapienza Università di Roma,Roma
LAZIO,https://biblioteche-fantasma.invalid/resource/library/IT-RM0967,IT-RM0967,Biblioteca del Dipartimento di Management Antonio Renzi - Sapienza Università di Roma,Roma
LAZIO,https://biblioteche-fantasma.invalid/resource/library/IT-RM2086,IT-RM2086,Biblioteca del Movimento per la Vita Italiano,Roma
LAZIO,https://biblioteche-fantasma.invalid/resource/library/IT-RM0527,IT-RM0527,Biblioteca del Museo storico dell'arma dei carabinieri,Roma
LAZIO,https://biblioteche-fantasma.invalid/resource/library/IT-RM1267,IT-RM1267,Biblioteca del Museo storico della fanteria,Roma
LAZIO,https://biblioteche-fantasma.invalid/resource/library/IT-RM0704,IT-RM0704,Biblioteca del Pontificio Collegio polacco,Roma
LAZIO,https://biblioteche-fantasma.invalid/resource/library/IT-RM0423,IT-RM0423,Biblioteca dell'Abbazia S. Maria nova al Foro romano,Roma
LAZIO,https://biblioteche-fantasma.invalid/resource/library/IT-RM0740,IT-RM0740,Biblioteca dell'Accademia di Romania,Roma
LAZIO,https://biblioteche-fantasma.invalid/resource/library/IT-RM1686,IT-RM1686,Biblioteca dell'Ente Nazionale per l'Aviazione Civile - ENAC,Roma
LAZIO,https://biblioteche-fantasma.invalid/resource/library/IT-RM1438,IT-RM1438,Biblioteca dell'Istituto Statale per Sordi di Roma,Roma
LAZIO,https://biblioteche-fantasma.invalid/resource/library/IT-RM0521,IT-RM0521,Biblioteca dell'Istituto della enciclopedia italiana Giovanni Treccani,Roma
LAZIO,https://biblioteche-fantasma.invalid/resource/library/IT-RM1696,IT-RM1696,Biblioteca dell'Istituto di ricerca per il Teatro Musicale - IRTEM,Roma
LAZIO,https://biblioteche-fantasma.invalid/resource/library/IT-RM1427,IT-RM1427,Biblioteca dell'Istituto superiore antincendi - ISA,Roma
LAZIO,https://biblioteche-fantasma.invalid/resource/library/IT-RM0562,IT-RM0562,Biblioteca della Facoltà di Medicina e psicologia Ernesto Valentini. Sede servizio sociale - Sapienza Università di Roma,Roma
LAZIO,https://biblioteche-fantasma.invalid/resource/library/IT-RM2025,IT-RM2025,Biblioteca della Federazione Italiana della Pallacanestro,Roma
LAZIO,https://biblioteche-fantasma.invalid/resource/library/IT-RM0209,IT-RM0209,Biblioteca della Fondazione Ernesta Besso,Roma
LAZIO,https://biblioteche-fantasma.invalid/resource/library/IT-RM0214,IT-RM0214,Biblioteca della Galleria nazionale d'arte moderna e contemporanea - GNAM,Roma
LAZIO,https://biblioteche-fantasma.invalid/resource/library/IT-RM2051,IT-RM2051,"Biblioteca di Bioetica ""Elio Sgreccia""",Roma
LAZIO,https://biblioteche-fantasma.invalid/resource/library/IT-RM1657,IT-RM1657,Biblioteca di ENIT SPA,Roma
LAZIO,https://biblioteche-fantasma.invalid/resource/library/IT-RM1039,IT-RM1039,Biblioteca di Ingegneria civile. Sede Architettura - Sapienza Università di Roma,Roma
LAZIO,https://biblioteche-fantasma.invalid/resource/library/IT-RM1653,IT-RM1653,"Biblioteca interdipartimentale di fisiopatologia cardiocircolatoria, anestesiologia e chirurgia generale Paride Stefanini - Sapienza Università di Roma",Roma
LAZIO,https://biblioteche-fantasma.invalid/resource/library/IT-RM0150,IT-RM0150,Biblioteca tecnico scientifica dell'Istituto storico e di cultura dell'arma del genio,Roma
LAZIO,https://biblioteche-fantasma.invalid/resource/library/IT-RI0165,IT-RI0165,Biblioteca comunale,Selci
LAZIO,https://biblioteche-fantasma.invalid/resource/library/IT-LT0042,IT-LT0042,Biblioteca comunale,Sonnino
LAZIO,https://biblioteche-fantasma.invalid/resource/library/IT-LT0046,IT-LT0046,Biblioteca comunale Adriano Olivetti,Terracina
